,SOP_Total_netvalue,Reseller
1,189777169,0
2,16328010,0
3,11980068,0
4,20185336,0
5,163312109,0
6,27605928,0
7,380071260,0
8,9451670,0
9,75241201,0
10,4676786,0
11,22405554,NA
12,378802198,0
13,11728292,0
14,4670711,NA
15,680622802,0
16,16015318,0
17,64695037,NA
18,69779078,0
19,97925559,0
20,1099903,0
21,1101739,0
22,300996905,0
23,12691115,0
24,5591829,NA
25,156870444,0
26,32250457,0
27,916607,0
28,33464841,0
29,262518504,0
30,2589788,NA
31,647780723,0
32,906855,0
33,102743680,NA
34,81678628,0
35,717919,0
36,25065267,0
37,5868047,0
38,8599468,0
39,87206438,0
40,1922930752,0
41,562834823,0
42,17613433,0
43,100390726,0
44,1930172,0
45,122782176,0
46,20419948,0
47,130601081,0
48,4643091,NA
49,100994021,0
50,1177827,0
51,15259822,NA
52,160088748,0
53,2683893,0
54,1500927185,0
55,11849225,0
56,201874895,0
57,392302235,NA
58,239620189,0
59,29559947,0
60,1184935987,0
61,73749587,0
62,630413667,0
63,39043942,NA
64,144395344,NA
65,1378735732,NA
66,959872683,0
67,17640976,0
68,363133374,0
69,291309346,0
70,88405141,0
71,1183529,0
72,94919311,0
73,54762911,NA
74,77745709,0
75,12029773,0
76,86607341,0
77,370474822,0
78,18778516,0
79,87779243,0
80,7730281,0
81,23932674,0
82,8002090,0
83,469142107,0
84,317449739,NA
85,61948428,0
86,103275873,NA
87,9510694,NA
88,29559947,0
89,304275083,0
90,32250457,0
91,45160121,0
92,370474822,0
93,82492624,0
94,13335645,NA
95,7120700,0
96,7688321309,0
97,48952218,NA
98,25425639,0
99,140944651,0
100,93936,0
101,66896600,NA
102,509046240,0
103,130601081,0
104,2501986847,0
105,2963102,0
106,2010301294,0
107,18212359,NA
108,6540459,0
109,9244859,0
110,45833472,0
111,1795683209,0
112,62022966,0
113,166738555,0
114,721228625,0
115,47720817,0
116,5367102,0
117,957316955,0
118,1128675379,0
119,297706752,0
120,79677766,NA
121,173564015,NA
122,401637168,0
123,2081296060,NA
124,239444459,0
125,52311724,0
126,70378801,0
127,9720066,NA
128,43891339,0
129,2686356308,0
130,2777571,0
131,1798319863,0
132,24585451,0
133,2072473,0
134,14560712,0
135,571964620,0
136,193696737,0
137,887674993,NA
138,591681354,0
139,61098532,0
140,82509728,NA
141,646635816,0
142,105619648,0
143,1104782,NA
144,63179695,0
145,489557160,0
146,126921879,NA
147,2451962,0
148,58227866,0
149,140944651,NA
150,918242385,0
151,3176432,0
152,103275873,0
153,16465877,0
154,190292120,0
155,67538833,NA
156,17503416,NA
157,1021691587,0
158,107364887,0
159,51032028,NA
160,4107248,0
161,18910204,0
162,175003297,0
163,197465106,0
164,760421495,0
165,40177621,0
166,51756284,0
167,1569265,0
168,27605928,NA
169,12884435,0
170,23792348,0
171,3422915,0
172,83063177,NA
173,8054211,0
174,27839812,0
175,26554523,NA
176,222259480,NA
177,46193494,0
178,12845216,0
179,24652056,0
180,2530393,0
181,30383476,NA
182,4967462,NA
183,399138833,0
184,37376524,0
185,17503416,0
186,6930541,0
187,1171258171,0
188,2543483,0
189,103111375,0
190,584124276,0
191,33884498,NA
192,38697152,0
193,7221776688,0
194,313052717,0
195,393584433,0
196,386862287,0
197,12864169,0
198,11979841,0
199,6428943,0
200,1178990,NA
201,18163946,0
202,4890656,0
203,894347,NA
204,12845216,0
205,1956629,0
206,157415250,0
207,851571,0
208,20741714,0
209,831393141,0
210,262518504,NA
211,1154213,0
212,35322427,0
213,18015471,0
214,1232773364,0
215,35295926,0
216,13688956,0
217,967285594,0
218,940687,0
219,57006632,NA
220,134496721,NA
221,52006917,0
222,218752549,0
223,13454770,0
224,74700440,0
225,47121022,NA
226,6497480539,0
227,50855159,0
228,9967536,0
229,25093126,0
230,22270485,0
231,17703964,0
232,63949834,NA
233,32221328,0
234,440527538,0
235,239620189,0
236,199567877,NA
237,978624,0
238,309599837,0
239,2963102,0
240,45160121,NA
241,2627908,NA
242,72986092,0
243,36258032,0
244,95169450,0
245,8623856,0
246,71421556,NA
247,23746527,0
248,98065828,NA
249,38759681,0
250,6859038,0
251,14945733,0
252,11567718,0
253,21230907,0
254,32324890,0
255,74855055,0
256,21662502,0
257,2498680,NA
258,257740317,0
259,8639010,0
260,1658427,0
261,21802959,NA
262,1134903966,0
263,54113995,0
264,32250457,NA
265,858755916,0
266,12925944,NA
267,10578741,0
268,409476194,0
269,372449458,0
270,150695658,0
271,327960101,0
272,1798319863,0
273,21662502,0
274,948968,0
275,1162342015,0
276,240245765,0
277,36320738,0
278,251250134,0
279,141998826,0
280,1500927185,0
281,1352637493,0
282,102215924,NA
283,6031120701,0
284,472664080,0
285,160174645,NA
286,97925559,NA
287,101185577,0
288,4225142360,0
289,2301275622,0
290,71358,0
291,59697066,0
292,460062000,NA
293,45753958,0
294,232528290,0
295,16431723,NA
296,3810520467,0
297,574526904,NA
298,2142370846,NA
299,465324668,0
300,4643091,0
301,662362588,0
302,10380664,NA
303,10697429,0
304,2200605715,0
305,20152726,0
306,2134885,0
307,31582674,0
308,61213536,0
309,13688956,0
310,84532556,0
311,200173353,NA
312,1170107612,0
313,34772651,0
314,7856298,NA
315,232528290,0
316,405744655,0
317,14761229,0
318,13335645,0
319,11606777,0
320,620700901,0
321,763603516,0
322,2226308971,0
323,123491061,0
324,144487150,0
325,63150678,NA
326,14560712,0
327,2739698651,0
328,105619648,NA
329,235749061,0
330,400346357,0
331,8061445,0
332,20633717925,0
333,768935960,0
334,76956922,0
335,11261287,0
336,17148058,0
337,4770453630,0
338,8274788,0
339,448711298,0
340,383755915,0
341,377786638,0
342,975823,0
343,2777571,NA
344,2072473,NA
345,1798319863,0
346,97485062,0
347,807922875,0
348,14636258,0
349,44058622,NA
350,158681988,0
351,9720066,0
352,49932989,0
353,108643483,0
354,12845216,0
355,4416188086,NA
356,62508117,0
357,957316955,0
358,231992732,0
359,87723065,0
360,45828566,0
361,588243354,0
362,4469846348,NA
363,1326786848,0
364,553144925,0
365,10169497460,0
366,163758118,0
367,43891339,0
368,55515094,0
369,247104769,NA
370,25579684,0
371,803346,NA
372,146537974,NA
373,3166217,NA
374,135028262,0
375,20595621,0
376,2223130,0
377,967285594,0
378,46377274,0
379,4561176767,0
380,202656287,NA
381,1603896823,1
382,1305207,0
383,37942870,0
384,21859798,0
385,33826915,0
386,31582674,NA
387,20152726,0
388,22405554,0
389,31520144,NA
390,111183069,NA
391,16103454,0
392,12950083,0
393,783163807,0
394,4625452,0
395,4038617,NA
396,86097714,NA
397,9996454,0
398,83704860,NA
399,119375379,0
400,6179114460,0
401,2169674551,0
402,4105556311,0
403,11765919,NA
404,919802552,0
405,11070155,0
406,345557546,0
407,169699488,0
408,7795991,NA
409,15570708,0
410,1537594578,0
411,66929843,0
412,6595005,0
413,375602652,NA
414,222259480,NA
415,10578741,0
416,8126727,0
417,111183069,0
418,438907016,0
419,92067631,NA
420,122782176,0
421,799031835,NA
422,6465820,0
423,763603516,NA
424,6859038,0
425,158564230,0
426,1603896823,0
427,20986721,0
428,123491061,0
429,239620189,0
430,219885915,0
431,85245,0
432,237364726,0
433,40924410,0
434,1326786848,0
435,14174581,0
436,49797482,0
437,937008,0
438,108612480,0
439,1035467,NA
440,8054211,0
441,216210328,0
442,54028075,0
443,45053396,0
444,27851305,NA
445,2824209685,1
446,72042809,0
447,921264,0
448,293623082,0
449,26857367,0
450,1104782,0
451,4805535,NA
452,254427640,0
453,7435377,0
454,631874219,0
455,12035380,0
456,208512754,0
457,176588889,0
458,21998120,0
459,1800464,0
460,7082874,0
461,5868047,0
462,988205558,0
463,98539,NA
464,43202392,0
465,240245765,NA
466,5869376,0
467,386862287,0
468,413740934,NA
469,22898893,0
470,4060397,0
471,2065365,0
472,7795991,0
473,61461571,0
474,3422915,0
475,46701565,0
476,7042282,0
477,817884,0
478,100390726,0
479,26703003,NA
480,438907016,0
481,542160573,0
482,2223130,NA
483,5284292,0
484,950125,0
485,2963102,0
486,118427162,NA
487,10405340,NA
488,1940896,0
489,591202,0
490,631874219,0
491,40684953,0
492,27156093,0
493,3452554121,0
494,380071260,NA
495,74537926,0
496,6428943,NA
497,6637608,NA
498,850238004,0
499,178853483,0
500,222259480,0
501,106777621,0
502,42647616,NA
503,269976757,NA
504,4501676,0
505,9220225,1
506,1104782,0
507,11728292,0
508,6428943,0
509,7688321309,0
510,54525164,NA
511,4112385,0
512,317449739,0
513,275162933,0
514,5621103,0
515,95904209,0
516,639386,0
517,733035,0
518,26318264,0
519,16483705,NA
520,1856905,0
521,841831,NA
522,42308743,NA
523,1704085,0
524,22046491,0
525,26554523,0
526,19392344,0
527,79988319,0
528,6465820,1
529,540518514,1
530,28876048,1
531,15560333,1
532,4864258918,NA
533,7092112,1
534,3313223860,1
535,358792692,1
536,767585318,1
537,1866569,1
538,98211330,NA
539,123491061,1
540,994157752,1
541,15470194752,1
542,168649630,1
543,100675346,1
544,298112275,1
545,1494357478,1
546,21921023,1
547,977246,1
548,17844138,1
549,6497480539,0
550,3654570,0
551,11755945897,0
552,14489686,0
553,82492624,0
554,136885959,NA
555,1891051267,0
556,9048726,0
557,73235359,0
558,3344339,0
559,2777571,0
560,1514555732,NA
561,91192,0
562,101166505,0
563,1734585,NA
564,67749374,0
565,4038617,0
566,63150678,0
567,46462405,0
568,639386,0
569,5035479,0
570,22225313,0
571,27605928,0
572,107994004,NA
573,18098789,0
574,745325,0
575,303655021,0
576,291213679,0
577,3444052,0
578,75275559,0
579,1888462411,0
580,231810775,0
581,9451670,0
582,200934829,0
583,1188945496,0
584,8691616,0
585,817884,0
586,2072473,0
587,58227866,0
588,279299734,0
589,327960101,0
590,700694072,0
591,173344846,0
592,3416155,0
593,3244575056,0
594,1750083728,0
595,1867604,0
596,5222106,0
597,170643219,0
598,8790990,NA
599,7610382,0
600,1679665698,0
601,34569552,NA
602,998201,0
603,1569265,0
604,34528972,NA
605,851571,0
606,9451670,0
607,10169497460,NA
608,629804,0
609,11567718,0
610,150695658,0
611,998201,0
612,1188255,0
613,30212932,0
614,3344339,NA
615,15084308,0
616,97254570,0
617,67128535,0
618,29559947,0
619,15570708,0
620,298966908,0
621,81298328,0
622,8181934,0
623,135028262,0
624,13745292,0
625,1657869,NA
626,1041655,NA
627,11728292,0
628,60112634,NA
629,9451670,0
630,17214143,NA
631,574526904,0
632,5969640,0
633,553144925,NA
634,79890871,0
635,30383476,0
636,9237175,NA
637,5511172,NA
638,56078174,NA
639,108655,NA
640,473439053,1
641,8623856,NA
642,100429457,1
643,24795874222,1
644,4317393610,NA
645,6465820,1
646,104545,1
647,4676786,NA
648,3302853974,1
649,3090935,1
650,2530393,1
651,313052717,1
652,1104782,1
653,1781381365,1
654,58681227,1
655,297706752,1
656,57613998,1
657,12372506,1
658,849419,NA
659,207955,0
660,1133791,NA
661,2145638823,0
662,44373942,0
663,142268916,0
664,1215133,0
665,6171263,0
666,3861527,0
667,160001641,0
668,3144742472,0
669,48995098,0
670,27849159,0
671,30711042,0
672,14636258,0
673,25665015,0
674,4408987537,0
675,2036347476,NA
676,61098532,0
677,49273655,0
678,22207671,0
679,2963102,0
680,8274788,0
681,2501986847,0
682,58938762,0
683,757059,0
684,32250457,NA
685,221288484,0
686,6171263,NA
687,41878695,0
688,37286664,NA
689,897053,0
690,1500430,0
691,8824211,0
692,35344713,0
693,11664315,0
694,630413667,0
695,15259822,NA
696,32516138,0
697,994921,0
698,1085973968,0
699,5333441,NA
700,163312109,0
701,1356254537,0
702,926949,NA
703,81745421,NA
704,5377000,0
705,18238985,0
706,2157876786,0
707,16136077,0
708,28132298,0
709,4008730421,0
710,117958977,0
711,296588514,0
712,26857367,0
713,11863209,NA
714,320568016,0
715,63288043,0
716,31582674,0
717,45170534,0
718,357152275,NA
719,971613797,0
720,107364887,0
721,25425639,0
722,5220756575,0
723,12058696,0
724,283421450,0
725,4318943,0
726,1838287,0
727,45753958,0
728,197465106,0
729,255612769,0
730,9524645,0
731,12723575,0
732,11664315,0
733,85245,0
734,9510694,0
735,3662889223,0
736,31520144,0
737,52492166,0
738,39814393,0
739,3215311707,NA
740,240899284,0
741,517001470,0
742,14560712,0
743,769183,NA
744,662652569,0
745,73235359,NA
746,11933872,0
747,162803382,NA
748,6220788,0
749,134811022,0
750,251547618,NA
751,23195586,0
752,15560333,0
753,759783,NA
754,15560333,0
755,4416188086,0
756,49797482,0
757,1798343,NA
758,2603822799,0
759,1988604,0
760,54929549,0
761,124482696,0
762,4967462,0
763,1099903,0
764,89710337,0
765,11063528,0
766,102749762,0
767,9318406,NA
768,33845275,0
769,828781,0
770,168426921,NA
771,1382752261,0
772,151499052,0
773,100765370,0
774,12455069,0
775,868342649,NA
776,106068194,0
777,2289001152,0
778,137820679,0
779,911992651,NA
780,591175232,0
781,7714372,0
782,18040702,0
783,35791236,NA
784,346247969,0
785,90963815,0
786,59703904,0
787,6222211,NA
788,287848456,0
789,53648336,0
790,7856298,0
791,721228625,0
792,1603896823,0
793,586228453,NA
794,124482696,0
795,2407821964,0
796,30212932,0
797,65123743,0
798,32846752,0
799,13639095,0
800,181581907,0
801,130991275,0
802,64033796,0
803,50757729,0
804,58314486,0
805,1356254537,0
806,1271344523,0
807,781073419,0
808,585494011,0
809,197658893,0
810,85072395,0
811,14322289,0
812,1794513,0
813,19361072,NA
814,44967061,0
815,116804647,NA
816,33571586,0
817,51032028,0
818,84825572,0
819,119638741,0
820,102400234,0
821,1043002248,0
822,57883537,0
823,19938670,0
824,4112385,0
825,40456118,0
826,77282244,0
827,74515817,0
828,768935960,0
829,9661540,0
830,22207671,0
831,861884,0
832,54525164,0
833,1569265,0
834,148198563,NA
835,111220613,0
836,50179893,0
837,977246,0
838,376107099,0
839,668806222,0
840,160856391,0
841,16300715,0
842,20026131,0
843,102749762,0
844,189845627,NA
845,90737395,0
846,243183500,0
847,9328323,NA
848,29627478,0
849,61948428,0
850,158681988,NA
851,7400984,NA
852,3654570,NA
853,46193494,0
854,20633717925,0
855,6428943,NA
856,233607857,0
857,2603822799,0
858,399642736,0
859,120584979,0
860,105595634,0
861,1279550,NA
862,1530779,0
863,218859172,0
864,10169497460,0
865,1170107612,0
866,168426921,NA
867,119259711,0
868,3344339,0
869,100994021,0
870,1382752261,NA
871,1648698,0
872,988205558,0
873,56315581,0
874,2936719,0
875,940687,NA
876,64033796,0
877,59012571,0
878,1178990,0
879,868972709,0
880,2683893,NA
881,628536610,NA
882,135028262,0
883,14110692,NA
884,190292120,0
885,11156172,0
886,7082874,0
887,24820135,0
888,118412830,0
889,931741,NA
890,25976921,0
891,4541650,0
892,10437780,0
893,74515817,0
894,477983638,0
895,58938762,0
896,98653685,0
897,119259711,0
898,1041655,0
899,6497480539,0
900,239620189,0
901,11463231,NA
902,3166217,0
903,34169941,0
904,100532217,0
905,386862287,0
906,61556235,0
907,1648698,0
908,88299467,0
909,11728292,0
910,4561176767,0
911,796848,0
912,269682973,NA
913,114792610,0
914,181115181,0
915,62816253,0
916,3551299101,0
917,4670711,0
918,5792111,0
919,173564015,0
920,201874895,NA
921,9080461,0
922,88405141,0
923,64033796,0
924,55260402,0
925,39043942,0
926,240645698,0
927,562834823,NA
928,1041655,0
929,1440168931,NA
930,87559811,0
931,2029334,0
932,1406991316,NA
933,2470838591,NA
934,2784692,0
935,158826313,0
936,916607,0
937,295018809,0
938,958032,0
939,25093126,0
940,2777571,1
941,6445193,0
942,22105054,0
943,3484805,NA
944,19040992,0
945,16229072,0
946,288717057,0
947,849457724,0
948,2080647,0
949,2530393,0
950,20916278,0
951,128688897,0
952,637711587,NA
953,868972709,0
954,625546087,NA
955,82492624,0
956,1907229,0
957,22249965,0
958,885729342,0
959,26142717,NA
960,904567,0
961,3654570,0
962,158826313,0
963,169699488,NA
964,3901611,NA
965,647163,NA
966,768053,NA
967,7224099,0
968,4950838,0
969,3232538,0
970,781073419,0
971,1041655,0
972,156870444,0
973,2029334,NA
974,4584628,0
975,19662285,0
976,20741714,0
977,48952218,0
978,485996,NA
979,519339231,NA
980,271245590,1
981,56400462,1
982,14278781,1
983,291213679,1
984,7027251081,1
985,3244575056,1
986,75241201,1
987,2402749857,1
988,63179695,1
989,3006486,1
990,58938762,1
991,201874895,1
992,1247613,NA
993,143766338,1
994,45833472,1
995,124537452,0
996,1965921,NA
997,82138,0
998,21859798,0
999,103006775,0
1000,29083423,0
1001,585494011,0
1002,208512754,0
1003,52006917,NA
1004,33464841,0
1005,59953172,0
1006,22372402,NA
1007,59165776,0
1008,292733534,0
1009,184698261,0
1010,12916594,0
1011,150695658,NA
1012,902372554,0
1013,128029649,0
1014,11849225,0
1015,13709077,0
1016,8599468,0
1017,1075583,0
1018,12060202,0
1019,3974259,NA
1020,200173353,0
1021,19839149,0
1022,5922390,0
1023,4317393610,NA
1024,81500630,0
1025,6222211,0
1026,10185324,0
1027,5222106,0
1028,480137743,0
1029,752467,0
1030,323135953,NA
1031,25425639,0
1032,4425286,0
1033,16388158,0
1034,58497688,NA
1035,2650117,NA
1036,472579447,0
1037,58353539,0
1038,33884498,0
1039,5868047,0
1040,2134885,0
1041,82492624,0
1042,469142107,NA
1043,9678718,0
1044,751676232,0
1045,92653056,NA
1046,37203464,0
1047,22898893,0
1048,7730281,0
1049,647780723,0
1050,29765154,0
1051,299814727,0
1052,21616809,0
1053,16015318,0
1054,328975571,0
1055,13639095,NA
1056,789708594,0
1057,292641927,0
1058,97485062,0
1059,4435811,NA
1060,161974169,0
1061,998201,0
1062,15486577,0
1063,16605519,NA
1064,1171258171,0
1065,878063386,0
1066,176588889,NA
1067,959872683,0
1068,136731853,0
1069,13807136,0
1070,3551299101,0
1071,10293472,0
1072,1256437901,0
1073,55482692,NA
1074,358792692,0
1075,474755474,0
1076,54113995,0
1077,97254570,0
1078,7714372,NA
1079,383973429,0
1080,85245,0
1081,635756673,0
1082,637711587,0
1083,436619185,NA
1084,2290420,0
1085,391887221,0
1086,30383476,NA
1087,1440168931,0
1088,449243094,0
1089,56099758,0
1090,117650303,0
1091,122965468,0
1092,122782176,0
1093,3058240,NA
1094,115459196,0
1095,151499052,0
1096,851571,0
1097,103111375,NA
1098,620700901,NA
1099,3181065978,0
1100,4625452,0
1101,72042809,1
1102,2791976062,0
1103,271385997,NA
1104,34528972,0
1105,189051960,0
1106,151499052,0
1107,14543519,0
1108,584146894,0
1109,144487150,0
1110,849457724,0
1111,31520144,0
1112,40924410,0
1113,9677435,0
1114,102011,0
1115,34528972,0
1116,724116,0
1117,6337626,NA
1118,59703904,NA
1119,849419,0
1120,2169674551,0
1121,16605519,0
1122,1162342015,0
1123,12492820,0
1124,30578735,0
1125,25965707,0
1126,201874895,0
1127,2291171012,NA
1128,12950083,1
1129,35513140,0
1130,2080647,0
1131,9747278,0
1132,200173353,0
1133,591681354,NA
1134,2035594408,0
1135,760421495,0
1136,19361072,0
1137,41371859,0
1138,2482001,0
1139,1569265,0
1140,2470838591,0
1141,469142107,0
1142,988205558,0
1143,20325663,NA
1144,2291171012,0
1145,5467094,0
1146,5467094,0
1147,37286664,0
1148,105864084,0
1149,137073874,0
1150,20355504,0
1151,1679665698,NA
1152,44373942,NA
1153,975823,0
1154,1183529,0
1155,26612463,0
1156,1821743042,0
1157,199567877,0
1158,19677277,0
1159,10112360,NA
1160,367957392,0
1161,91430222,0
1162,26857367,NA
1163,21998120,0
1164,12845216,0
1165,22207671,0
1166,223975857,0
1167,99791830,0
1168,58227866,0
1169,130601081,0
1170,276470027,0
1171,1267444519,NA
1172,62915481,0
1173,4643091,0
1174,3452554121,0
1175,6637608,0
1176,1015275,0
1177,45092095,0
1178,142455801,NA
1179,44071864,0
1180,111681183,0
1181,499111477,0
1182,24531714,0
1183,35066054,0
1184,24296463,NA
1185,7440811,0
1186,8476427,NA
1187,49225534,0
1188,6261320,0
1189,1271344523,0
1190,868972709,0
1191,8982650,0
1192,6859038,0
1193,179208430,0
1194,7120700,0
1195,847505,0
1196,54762911,0
1197,1603896823,0
1198,6428943,0
1199,12691115,NA
1200,7262308,NA
1201,8598680011,0
1202,23337058,NA
1203,320568016,0
1204,805209,0
1205,305807945,0
1206,240899284,0
1207,13335645,0
1208,1099903,0
1209,2035594408,0
1210,1729323,0
1211,26554523,0
1212,472579447,NA
1213,29634959,0
1214,23182658,0
1215,57883537,0
1216,4719622,0
1217,148633490,NA
1218,80698255,0
1219,3090935,NA
1220,186906454,NA
1221,81294510,0
1222,964911,NA
1223,4294739,0
1224,73235359,0
1225,42647616,0
1226,11687620,NA
1227,10697429,1
1228,6222211,0
1229,20916278,0
1230,39998039,0
1231,288717057,0
1232,23296190,0
1233,188955732,0
1234,70378801,0
1235,897053,0
1236,8917938,NA
1237,2301275622,0
1238,3357718,NA
1239,5802799,NA
1240,11852408,0
1241,101185577,0
1242,151914443,0
1243,83955986,NA
1244,926949,0
1245,173688386,0
1246,14263479,0
1247,118032987,0
1248,416266381,0
1249,922987,0
1250,5222106,NA
1251,1448963,0
1252,887674993,0
1253,6428943,0
1254,134811022,0
1255,177586131,0
1256,2073913,0
1257,1326786848,NA
1258,10485137,0
1259,2470838591,0
1260,102215924,0
1261,82409689,NA
1262,7400984,0
1263,38759681,0
1264,391887221,0
1265,12997364,0
1266,80033,0
1267,11674216,0
1268,10494541,0
1269,17503416,0
1270,4805535,0
1271,1920528,0
1272,2028892,0
1273,50710191,0
1274,902893,0
1275,25403131,NA
1276,4469846348,0
1277,37348074,0
1278,3532588,0
1279,25798196,0
1280,320568016,0
1281,25907696,0
1282,7413986,0
1283,3720670,0
1284,87723065,0
1285,15470194752,NA
1286,1920528,1
1287,6808848,1
1288,2960920,1
1289,10485137,1
1290,61213536,1
1291,96089506,1
1292,9048726,1
1293,2185391,1
1294,51032028,NA
1295,251250134,1
1296,49797482,1
1297,148198563,1
1298,8815442027,NA
1299,631362750,1
1300,16431723,1
1301,17678647,1
1302,773255736,1
1303,1679665698,1
1304,968107,1
1305,122113081,1
1306,184698261,1
1307,148633490,0
1308,18238985,0
1309,1209483,0
1310,807297,0
1311,4408987537,0
1312,103726735,NA
1313,2889366,0
1314,1448963,NA
1315,46462405,NA
1316,511929,0
1317,30976482,0
1318,253058772,0
1319,460062000,0
1320,774608,0
1321,164122104,0
1322,940687,NA
1323,508262222,0
1324,158826313,0
1325,105864084,NA
1326,2122290565,0
1327,72544215,0
1328,8126727,0
1329,2909605,NA
1330,885729342,0
1331,15486577,NA
1332,21445689,0
1333,1101739,NA
1334,9499252,NA
1335,3058240,NA
1336,79890871,0
1337,105619648,0
1338,20465085,0
1339,1537594578,0
1340,23195586,0
1341,20185336,NA
1342,9041708,0
1343,63003336,0
1344,25907696,0
1345,29708127,NA
1346,247104769,0
1347,186906454,0
1348,19783886,0
1349,7337000,0
1350,47268384,0
1351,906855,0
1352,918242385,0
1353,17438103,0
1354,38697152,0
1355,12107429,0
1356,3720670,NA
1357,248469926,0
1358,1956629,0
1359,2603822799,0
1360,6031120701,0
1361,17393466,0
1362,293623082,0
1363,313052717,NA
1364,570071,0
1365,51756284,NA
1366,2476495,1
1367,4681775454,1
1368,540518514,1
1369,124537452,1
1370,69521518,1
1371,150695658,1
1372,28876048,1
1373,16103454,1
1374,67672562,1
1375,130601081,NA
1376,1755253889,1
1377,181384732,1
1378,1041655,1
1379,994844,1
1380,122113081,1
1381,2663711280,NA
1382,24652056,NA
1383,1171258171,1
1384,22270485,1
1385,8054211,1
1386,639386,1
1387,2963102,NA
1388,3313223860,0
1389,123742177,0
1390,4584628,0
1391,156870444,0
1392,91371291,0
1393,113086818,0
1394,46125006,0
1395,7440811,0
1396,3444052,0
1397,81496332,NA
1398,160174645,0
1399,33284716,0
1400,5634661866,NA
1401,106751427,NA
1402,469142107,NA
1403,286508170,0
1404,1867604,0
1405,5456574,0
1406,46941734,0
1407,245690235,NA
1408,11980068,0
1409,2122290565,0
1410,7960163,0
1411,509046240,NA
1412,15737622,0
1413,11755945897,0
1414,17842471,0
1415,55482692,0
1416,81745421,0
1417,597648905,0
1418,647780723,0
1419,31582674,NA
1420,3006486,0
1421,10557760,NA
1422,6182187,0
1423,25562251,0
1424,178853483,0
1425,4681775454,NA
1426,320568016,0
1427,25219769,0
1428,6606280,0
1429,232052728,0
1430,30102363,0
1431,438907016,0
1432,160856391,NA
1433,119122348,NA
1434,858755916,NA
1435,3861527,0
1436,20986721,0
1437,15486577,0
1438,197658893,0
1439,175003297,0
1440,151914443,0
1441,21802959,0
1442,850238004,0
1443,296588514,0
1444,760128363,0
1445,5467094,0
1446,189777169,0
1447,51326923,0
1448,22405554,0
1449,2036347476,0
1450,1162342015,0
1451,3006486,0
1452,327960101,0
1453,8181934,0
1454,2857037509,0
1455,4060397,0
1456,61461571,0
1457,729968021,NA
1458,26142717,0
1459,7458920,0
1460,122965468,NA
1461,121190490,0
1462,231992732,NA
1463,234441535,NA
1464,465324668,NA
1465,61636507,0
1466,283421450,0
1467,130376488,NA
1468,9661540,0
1469,1612716816,0
1470,817884,0
1471,16328010,0
1472,143012946,0
1473,275162933,NA
1474,994157752,0
1475,6497480539,0
1476,81496332,NA
1477,7305259,0
1478,7262308,NA
1479,73749587,0
1480,12651353,0
1481,23346393,0
1482,14822112,0
1483,907482412,0
1484,141993851,NA
1485,2142370846,0
1486,721412619,NA
1487,18987188,0
1488,1888462411,0
1489,1352637493,0
1490,32324890,0
1491,33687063,NA
1492,197465106,0
1493,1704085,0
1494,1794513,NA
1495,7221776688,0
1496,1159216848,0
1497,16328010,0
1498,46941734,0
1499,4112385,0
1500,333684395,0
1501,597648905,0
1502,13745292,NA
1503,106751427,0
1504,397555088,0
1505,700694072,0
1506,1041655,NA
1507,2451962,0
1508,20419948,0
1509,5427261,NA
1510,96172226,0
1511,1001141,NA
1512,856302174,0
1513,769183,0
1514,5367102,0
1515,235669446,0
1516,158826313,0
1517,1956629,0
1518,317024516,0
1519,2501986847,NA
1520,15815766,0
1521,158564230,0
1522,96867159,0
1523,87807692,0
1524,469142107,0
1525,173688386,0
1526,4359731,0
1527,937008,0
1528,123491061,NA
1529,47121022,NA
1530,4675859,0
1531,59953172,0
1532,54414051,NA
1533,4031761,0
1534,291309346,NA
1535,2081296060,NA
1536,56030147,0
1537,26195151,0
1538,18778516,0
1539,6759348,0
1540,2627908,NA
1541,34772651,0
1542,1101739,0
1543,2855461,0
1544,68866127,0
1545,24491169,0
1546,764371235,0
1547,383973429,0
1548,1856905,0
1549,1175456150,0
1550,796848,NA
1551,4112385,NA
1552,1132826452,NA
1553,647780723,0
1554,100675346,NA
1555,438907016,NA
1556,4482775,0
1557,8639010,0
1558,59974169,0
1559,108612480,NA
1560,6595005,0
1561,12029773,0
1562,33284716,0
1563,7795991,0
1564,66802870,0
1565,4625452,0
1566,637711587,NA
1567,28132298,NA
1568,100796128,0
1569,83063177,0
1570,547320696,0
1571,64695037,NA
1572,18163946,0
1573,36737626,0
1574,878063386,0
1575,30578735,0
1576,10127566,0
1577,730637415,0
1578,11156172,0
1579,45053396,0
1580,958953,0
1581,123388225,0
1582,1156623269,0
1583,34569552,0
1584,2537081,0
1585,80033,NA
1586,14761229,0
1587,55791035,0
1588,122113081,0
1589,82509728,NA
1590,17703964,NA
1591,9967536,NA
1592,1039238563,0
1593,19767713,0
1594,163818987,0
1595,19392344,0
1596,197658893,NA
1597,4770453630,0
1598,6540459,0
1599,287848456,0
1600,168014727,0
1601,86097714,0
1602,11091517,NA
1603,6517965,0
1604,18910204,0
1605,25403131,NA
1606,71755729,0
1607,345548235,0
1608,225767271,NA
1609,50855159,NA
1610,957316955,0
1611,100390726,NA
1612,74700440,0
1613,58893339,0
1614,298112275,NA
1615,25065267,0
1616,46377274,NA
1617,16328010,0
1618,98653685,0
1619,1920528,0
1620,11303806,0
1621,50430999,NA
1622,1471945013,0
1623,1827182,NA
1624,235749061,0
1625,16242031,0
1626,1171258171,0
1627,12060202,0
1628,61098532,NA
1629,919802552,NA
1630,3419727,0
1631,27755642,0
1632,4354385,0
1633,6930541,0
1634,163113536,NA
1635,8808814,0
1636,1305822702,0
1637,12925944,0
1638,15560333,NA
1639,58314486,0
1640,303366453,0
1641,7795991,NA
1642,1363397820,0
1643,5050317,0
1644,76956922,0
1645,82073134,0
1646,2413487852,NA
1647,509046240,0
1648,309599837,NA
1649,10557760,NA
1650,122782176,0
1651,1041655,0
1652,46691975,0
1653,30102363,1
1654,10405340,0
1655,849457724,1
1656,28120904,0
1657,157592788,0
1658,271385997,0
1659,181384732,0
1660,906855,0
1661,817863,0
1662,1800464,0
1663,3654570,0
1664,1177827,0
1665,998201,NA
1666,22207671,NA
1667,865448,NA
1668,148198563,0
1669,16103454,0
1670,25579684,NA
1671,9241052,0
1672,100429457,NA
1673,1713084,NA
1674,9807728,0
1675,52311724,0
1676,18592163,NA
1677,30212932,1
1678,1928693,1
1679,1129398003,1
1680,1075583,1
1681,16204381268,1
1682,511929,1
1683,21616809,1
1684,10485137,1
1685,1378735732,1
1686,202656287,NA
1687,13491321,NA
1688,1795683209,NA
1689,807922875,1
1690,236915726,1
1691,32600552,1
1692,50430999,1
1693,1734585,1
1694,29083423,NA
1695,896838,0
1696,27269228,NA
1697,88299467,0
1698,14004339,0
1699,119259711,0
1700,571964620,0
1701,30383476,0
1702,2589788,0
1703,842897,0
1704,130991275,0
1705,45053396,0
1706,63150678,0
1707,1794513,0
1708,1785838440,0
1709,183021751,0
1710,22963507,0
1711,10557760,0
1712,43183254,NA
1713,3090935,NA
1714,1755253889,NA
1715,1051719,0
1716,29083423,0
1717,20741714,0
1718,17640976,NA
1719,842678,0
1720,13995976,0
1721,896526,0
1722,116018933,NA
1723,10405340,NA
1724,733035,0
1725,45828566,0
1726,35322427,0
1727,2498680,0
1728,261547585,NA
1729,865881398,0
1730,1215133,0
1731,6608338,NA
1732,81678628,NA
1733,9932948810,0
1734,17842471,0
1735,1603896823,0
1736,948968,0
1737,60112130,NA
1738,32800645,0
1739,90963815,NA
1740,851571,0
1741,2010301294,0
1742,79988319,0
1743,45160121,0
1744,5333441,0
1745,278518389,0
1746,66929843,0
1747,305807945,0
1748,897053,0
1749,189051960,NA
1750,21881844,0
1751,10293472,0
1752,32516138,0
1753,3974259,0
1754,72978089,0
1755,7224099,0
1756,25798196,0
1757,76122392,0
1758,47741036,0
1759,1158065,0
1760,11852408,0
1761,201874895,0
1762,637711587,0
1763,978624,0
1764,252305848,0
1765,15596767,0
1766,86097714,0
1767,574526904,NA
1768,25798196,0
1769,7668198,0
1770,80698255,0
1771,318616461,0
1772,904567,0
1773,5585325838,NA
1774,1907229,0
1775,300996905,0
1776,22249965,0
1777,3234209,0
1778,35295926,0
1779,101497092,0
1780,13688956,0
1781,20465085,0
1782,77282244,NA
1783,3147914,0
1784,32846752,0
1785,92640863,0
1786,108231533,NA
1787,2537081,0
1788,3414194,NA
1789,13454770,0
1790,113086818,NA
1791,480137743,1
1792,109936240,1
1793,178044559,NA
1794,7610382,1
1795,11308477682,1
1796,3543276874,NA
1797,570071,1
1798,46425683,1
1799,300559181,1
1800,642423,1
1801,501190942,NA
1802,81294510,1
1803,4864258918,1
1804,55482692,NA
1805,4719622,1
1806,3484805,0
1807,14560712,0
1808,3176432,0
1809,918242385,NA
1810,370474822,0
1811,200173353,0
1812,3344339,0
1813,119638741,0
1814,18549776,0
1815,106777621,0
1816,45753958,0
1817,3810520467,0
1818,90963815,0
1819,97925559,0
1820,87723065,0
1821,659388950,NA
1822,691878543,0
1823,14004339,0
1824,67538833,0
1825,346247969,0
1826,1154106886,NA
1827,26703003,0
1828,1965921,0
1829,12492820,NA
1830,12107429,0
1831,295018809,0
1832,240245765,0
1833,22046491,NA
1834,4286895,0
1835,3686758,0
1836,4107248,0
1837,300559181,0
1838,868066,0
1839,6179114460,NA
1840,752609009,0
1841,338967874,0
1842,1021691587,NA
1843,1133791,0
1844,75241201,0
1845,393584433,0
1846,4890656,0
1847,14945733,0
1848,25579684,0
1849,1382752261,0
1850,377786638,0
1851,5869376,0
1852,1713084,0
1853,400346357,0
1854,48995098,NA
1855,1404618597,0
1856,1170107612,0
1857,5969640,0
1858,1679665698,0
1859,1430950652,0
1860,405744655,NA
1861,4469846348,0
1862,128029649,0
1863,35066054,0
1864,28132298,0
1865,67928351,0
1866,103006775,0
1867,58893339,0
1868,9048726,0
1869,21921023,0
1870,338967874,0
1871,123388225,0
1872,59851266,0
1873,894347,0
1874,27755642,0
1875,81745421,0
1876,124482696,0
1877,2857037509,0
1878,586228453,0
1879,14543519,NA
1880,2544741884,0
1881,97925559,0
1882,585494011,0
1883,232528290,0
1884,998201,0
1885,309599837,NA
1886,2226308971,0
1887,30102363,0
1888,9673740,NA
1889,11765919,NA
1890,1170107612,0
1891,67386674,0
1892,586228453,NA
1893,23792348,0
1894,122113081,NA
1895,6179114460,0
1896,6606280,NA
1897,850238004,0
1898,861884,0
1899,231810775,0
1900,63288043,0
1901,298407786,0
1902,5591829,0
1903,146852787,0
1904,11126759,NA
1905,300559181,NA
1906,1732382510,0
1907,13335645,0
1908,114230732,0
1909,1041655,0
1910,5222106,0
1911,34569552,0
1912,75275559,0
1913,1891051267,0
1914,2960920,0
1915,1035467,NA
1916,743646,NA
1917,317449739,0
1918,9577340,0
1919,14278781,NA
1920,11261287,0
1921,59953172,NA
1922,115656048,0
1923,41878695,0
1924,303366453,0
1925,54414051,0
1926,3250747049,0
1927,43183254,NA
1928,4112385,0
1929,1159216848,NA
1930,141998826,0
1931,105619648,NA
1932,19662285,0
1933,120584979,0
1934,42308743,NA
1935,2855461,NA
1936,2683893,NA
1937,59851266,0
1938,291309346,0
1939,94919311,0
1940,163312109,0
1941,2010301294,0
1942,2065365,0
1943,36737626,0
1944,8126727,NA
1945,66896600,0
1946,868342649,0
1947,40684953,0
1948,913988,0
1949,511641360,0
1950,11063528,0
1951,10405340,0
1952,931741,0
1953,346247969,0
1954,207955,0
1955,363133374,0
1956,130376488,NA
1957,511641360,NA
1958,1247613,0
1959,1002757,0
1960,67422101,0
1961,29559947,NA
1962,71421556,0
1963,477983638,0
1964,345557546,0
1965,48952218,0
1966,90737395,0
1967,46377274,NA
1968,15346570,0
1969,646635816,0
1970,83704860,0
1971,5634661866,0
1972,17640976,0
1973,11687620,NA
1974,591175232,0
1975,35344713,0
1976,16423600,0
1977,20419948,0
1978,717005613,0
1979,30212932,0
1980,372449458,NA
1981,237364726,0
1982,743646,0
1983,4317393610,NA
1984,68866127,0
1985,28876048,NA
1986,5511172,NA
1987,140944651,0
1988,11863209,0
1989,473439053,NA
1990,1062025,NA
1991,98539,0
1992,807297,0
1993,15737622,0
1994,47720817,0
1995,8061445,NA
1996,4425286,0
1997,269976757,0
1998,15377785,0
1999,104545,0
2000,30466361,0
2001,54525164,0
2002,24908601,0
2003,9638839,NA
2004,18778516,0
2005,16465877,NA
2006,54414051,0
2007,89710337,NA
2008,13688956,0
2009,33001949,0
2010,1099903,0
2011,571964620,0
2012,21662502,0
2013,30383476,0
2014,2963102,0
2015,5531885,0
2016,26318264,0
2017,128688897,NA
2018,7120700,0
2019,101185577,0
2020,245690235,0
2021,305807945,0
2022,1356254537,0
2023,24296463,NA
2024,8691616,0
2025,37415143,0
2026,87779243,0
2027,58227866,0
2028,1352637493,NA
2029,2963102,0
2030,179960018,0
2031,271245590,0
2032,275162933,0
2033,2739698651,0
2034,16136077,NA
2035,7668198,NA
2036,286508170,0
2037,23932674,0
2038,162803382,NA
2039,15486577,0
2040,34668690,0
2041,796683425,0
2042,179208430,0
2043,12916594,NA
2044,1856905,0
2045,6667983,0
2046,9577340,0
2047,160001641,0
2048,18829405,0
2049,10112360,0
2050,22830677,0
2051,1099903,0
2052,22207671,0
2053,1866569,NA
2054,72544215,0
2055,1856905,0
2056,262518504,0
2057,3551299101,0
2058,86607341,0
2059,10380664,0
2060,449243094,NA
2061,40924410,0
2062,845316,0
2063,79677766,0
2064,176588889,0
2065,222259480,0
2066,796683425,0
2067,358792692,0
2068,444531116,0
2069,2479794,0
2070,32221328,0
2071,32800645,0
2072,49906787,NA
2073,254427640,0
2074,25976921,0
2075,1104782,0
2076,15560333,0
2077,4864258918,0
2078,6337626,0
2079,33845275,0
2080,7498325,0
2081,77469329,NA
2082,231992732,0
2083,24301439,0
2084,916607,0
2085,2036347476,0
2086,8061445,NA
2087,448711298,0
2088,18910204,0
2089,10169497460,0
2090,2122290565,0
2091,160856391,0
2092,849457724,0
2093,58353539,NA
2094,91371291,0
2095,17148058,0
2096,2686356308,0
2097,92067631,0
2098,183021751,0
2099,1888462411,0
2100,1930172,0
2101,16483705,0
2102,21859798,0
2103,46425683,0
2104,4416188086,0
2105,67422101,0
2106,33826915,0
2107,52006917,0
2108,74515817,0
2109,2498680,0
2110,54113995,0
2111,629834,NA
2112,662362588,0
2113,56030147,NA
2114,959872683,0
2115,413740934,0
2116,30212932,1
2117,399138833,NA
2118,378802198,1
2119,11070155,1
2120,24652056,1
2121,75275559,1
2122,100429457,1
2123,440527538,1
2124,180416963,1
2125,121190490,1
2126,4805535,1
2127,400346357,1
2128,620700901,1
2129,6261320,1
2130,1112916119,1
2131,91192,1
2132,304758271,NA
2133,101497092,1
2134,49932989,0
2135,1156623269,0
2136,14761229,0
2137,1888462411,0
2138,8982650,0
2139,162803382,0
2140,46941734,0
2141,29559947,0
2142,391338897,0
2143,580870247,NA
2144,2402749857,0
2145,123388225,0
2146,37010947,0
2147,15560333,0
2148,62022966,0
2149,7498325,0
2150,120715606,0
2151,1022044934,NA
2152,19938670,NA
2153,1917289,0
2154,45160121,NA
2155,416266381,NA
2156,328975571,NA
2157,10433933,0
2158,37203464,0
2159,10169497460,0
2160,26195151,NA
2161,15470194752,0
2162,2543483,0
2163,971613797,NA
2164,3058240,NA
2165,480137743,0
2166,1232773364,NA
2167,166738555,NA
2168,3538416,0
2169,25965707,0
2170,3449515729,0
2171,4318943,0
2172,893058,0
2173,817863,0
2174,847505,0
2175,103111375,NA
2176,50430999,NA
2177,3654570,0
2178,39814393,0
2179,10494541,0
2180,291213679,0
2181,30383476,0
2182,1360170919,NA
2183,111183069,0
2184,3538416,0
2185,2072473,0
2186,1697233,0
2187,5035479,0
2188,67128535,0
2189,291779373,0
2190,4890656,0
2191,4883942,0
2192,26554523,0
2193,9318406,0
2194,19662285,0
2195,647780723,0
2196,1188945496,NA
2197,5467094,0
2198,239620189,0
2199,1827182,0
2200,9932948810,0
2201,8274788,0
2202,72986092,0
2203,44058622,NA
2204,189051960,0
2205,1101739,0
2206,219885915,NA
2207,868066,NA
2208,107364887,0
2209,35791236,0
2210,67386674,0
2211,338967874,0
2212,2072473,0
2213,647163,0
2214,257740317,0
2215,82509728,0
2216,12864169,0
2217,8639010,0
2218,271245590,0
2219,14636258,0
2220,4416188086,0
2221,625546087,0
2222,2589788,0
2223,123742177,0
2224,345557546,0
2225,42647616,NA
2226,2169674551,0
2227,7221776688,0
2228,5284292,NA
2229,13807136,NA
2230,244463125,0
2231,46701565,0
2232,269682973,NA
2233,1939073600,0
2234,1112916119,NA
2235,291602098,0
2236,659388950,0
2237,50179893,0
2238,7518728555,0
2239,25976921,0
2240,37447806,0
2241,35344713,0
2242,55791035,NA
2243,45170534,NA
2244,17214143,0
2245,124482696,0
2246,36258032,0
2247,63949834,NA
2248,116804647,0
2249,134496721,0
2250,61098532,0
2251,278518389,0
2252,10405340,NA
2253,18410410,0
2254,83063177,0
2255,46193494,NA
2256,2226308971,0
2257,27605928,NA
2258,5745698980,0
2259,1128675379,0
2260,74855055,NA
2261,75990575,0
2262,831393141,0
2263,783163807,0
2264,1279550,0
2265,62442318,0
2266,588243354,0
2267,32516138,0
2268,751676232,NA
2269,19790338,0
2270,288717057,0
2271,102743680,0
2272,39280071,0
2273,49797482,0
2274,2960920,NA
2275,163113536,0
2276,375602652,0
2277,2603822799,NA
2278,83955986,0
2279,235874580,0
2280,16378278,NA
2281,9996454,0
2282,17148058,0
2283,24148558,0
2284,2936719,0
2285,279299734,0
2286,1940896,0
2287,91430222,0
2288,72042809,0
2289,4038617,0
2290,20152726,0
2291,11728292,0
2292,1305822702,0
2293,7082874,0
2294,160088748,0
2295,472579447,0
2296,1743029474,0
2297,56099758,NA
2298,189845627,NA
2299,62508117,0
2300,783163807,0
2301,49273655,0
2302,54028075,0
2303,86097714,NA
2304,6759348,NA
2305,16204381268,0
2306,148633490,0
2307,160856391,0
2308,35344713,0
2309,6031120701,NA
2310,2413487852,0
2311,222259480,0
2312,21881844,0
2313,33571586,0
2314,9720066,0
2315,1062025,0
2316,647780723,0
2317,959872683,0
2318,141993851,0
2319,201874895,0
2320,763603516,0
2321,902893,0
2322,11547858,NA
2323,9328323,0
2324,161974169,0
2325,6520742,NA
2326,5585325838,0
2327,1512288139,NA
2328,87559811,0
2329,9318406,0
2330,103275873,0
2331,14226153,0
2332,41878695,0
2333,5960445529,0
2334,5427261,0
2335,14560712,NA
2336,807297,0
2337,7960163,0
2338,2530393,NA
2339,3416155,0
2340,74537926,NA
2341,170643219,0
2342,950125,0
2343,93936,0
2344,13639095,0
2345,585494011,0
2346,393584433,0
2347,803346,0
2348,5367102,0
2349,1104782,0
2350,10169497460,0
2351,547320696,0
2352,4408987537,0
2353,2402749857,0
2354,8002090,0
2355,60112634,0
2356,763603516,0
2357,680622802,0
2358,18212359,0
2359,6465820,NA
2360,20916278,NA
2361,63150678,0
2362,1099903,0
2363,239444459,0
2364,6220788,0
2365,448711298,0
2366,17613433,0
2367,82073134,0
2368,3810520467,NA
2369,164122104,0
2370,1514555732,0
2371,64033796,0
2372,1154213,0
2373,292641927,0
2374,2650117,0
2375,54414051,0
2376,134496721,0
2377,3302853974,0
2378,3452554121,0
2379,4610601,NA
2380,12916594,0
2381,21881844,0
2382,129966895,0
2383,122965468,NA
2384,9747278,0
2385,1134903966,0
2386,81678628,NA
2387,157415250,0
2388,1035467,0
2389,1658427,0
2390,20026131,0
2391,659388950,0
2392,4890656,0
2393,4967462,NA
2394,1530779,0
2395,77745709,0
2396,11156172,0
2397,21921023,0
2398,139377927,0
2399,383755915,NA
2400,9326151,0
2401,2200605715,0
2402,7224099,0
2403,43891339,0
2404,65123743,0
2405,36320738,0
2406,10112360,0
2407,1132826452,NA
2408,124179207,NA
2409,1922930752,0
2410,103726735,0
2411,38697152,0
2412,4541650,0
2413,160088748,0
2414,8708860,0
2415,26612463,0
2416,181581907,0
2417,9244859,0
2418,817884,0
2419,59697066,0
2420,7027251081,0
2421,5456574,0
2422,2308225411,0
2423,8623856,0
2424,8865953,0
2425,87206438,NA
2426,27156093,0
2427,1001141,0
2428,7668198,0
2429,34528972,0
2430,298966908,0
2431,630413667,0
2432,22249965,NA
2433,292641927,0
2434,108655,0
2435,219885915,0
2436,391887221,0
2437,11852408,NA
2438,511929,NA
2439,98065828,0
2440,9220225,0
2441,1755253889,0
2442,477983638,0
2443,71421556,0
2444,216210328,0
2445,8790990,NA
2446,30383476,0
2447,232052728,NA
2448,240899284,0
2449,473439053,0
2450,30711042,0
2451,3901611,NA
2452,410144513,0
2453,1041655,0
2454,35322427,0
2455,21859798,0
2456,1956629,0
2457,449243094,0
2458,691878543,0
2459,11567718,NA
2460,7221776688,0
2461,768053,0
2462,2963102,0
2463,2963102,0
2464,2289001152,0
2465,26142717,0
2466,120715606,0
2467,357152275,0
2468,2157876786,0
2469,95169450,0
2470,208512754,0
2471,4318943,0
2472,3344339,NA
2473,6179114460,0
2474,102743680,0
2475,401637168,NA
2476,247104769,NA
2477,436619185,0
2478,200173353,0
2479,4482775,NA
2480,18238985,0
2481,1537594578,0
2482,117958977,0
2483,799031835,0
2484,7458920,NA
2485,27839812,0
2486,102749762,NA
2487,69779078,0
2488,232052728,0
2489,291309346,0
2490,1039238563,0
2491,12916594,0
2492,24301439,0
2493,100796128,NA
2494,62022966,0
2495,994844,NA
2496,4770453630,0
2497,887674993,0
2498,85072395,0
2499,10494541,0
2500,37415143,0
2501,10557760,0
2502,87807692,0
2503,13709077,0
2504,9607328,0
2505,7082874,0
2506,32800645,0
2507,19783886,0
2508,45833472,0
2509,896838,NA
2510,717919,0
2511,20152726,0
2512,6182187,0
2513,3901611,0
2514,179208430,0
2515,3181065978,0
2516,22046491,0
2517,35791236,0
2518,4425286,0
2519,902372554,NA
2520,59703904,0
2521,489557160,NA
2522,45828566,0
2523,100796128,0
2524,118032987,0
2525,3144742472,0
2526,7688321309,0
2527,1271344523,NA
2528,85245,NA
2529,448711298,0
2530,37942870,0
2531,1988604,0
2532,32221328,NA
2533,11664315,0
2534,124537452,NA
2535,47741036,0
2536,115459196,0
2537,23746527,NA
2538,27605928,0
2539,6793479,0
2540,55515094,0
2541,409476194,0
2542,3244575056,0
2543,1612716816,0
2544,45170534,0
2545,24585451,0
2546,721228625,0
2547,1500927185,0
2548,11979841,0
2549,87723065,0
2550,81500630,NA
2551,253058772,0
2552,11687620,0
2553,8181934,0
2554,318616461,0
2555,45092095,0
2556,639386,0
2557,25579684,0
2558,817884,0
2559,1184935987,NA
2560,22105054,0
