,SOP_NV_Variance,Reseller
1,1.2e+11,0
2,4.7e+10,0
3,5.8e+09,0
4,1.2e+12,0
5,9.8e+10,0
6,8.4e+10,0
7,1.1e+12,0
8,2.2e+10,0
9,8.3e+10,0
10,1.1e+10,0
11,1.3e+12,NA
12,1.4e+11,0
13,5.6e+10,0
14,1.1e+10,NA
15,1.2e+11,0
16,1.3e+12,0
17,4.7e+11,NA
18,1.6e+11,0
19,8.9e+10,0
20,-1,0
21,-1,0
22,1.3e+11,0
23,1.3e+11,0
24,1.4e+10,NA
25,6.7e+10,0
26,8.4e+10,0
27,-1,0
28,7.6e+10,0
29,1.2e+11,0
30,5.8e+10,NA
31,1.4e+11,0
32,-1,0
33,2e+11,NA
34,8.5e+11,0
35,-1,0
36,1.4e+12,0
37,4e+10,0
38,3.2e+09,0
39,1.4e+11,0
40,1.9e+11,0
41,2.1e+11,0
42,1.3e+12,0
43,8.6e+11,0
44,2.5e+10,0
45,8.4e+10,0
46,5.5e+11,0
47,2.7e+11,0
48,1.5e+11,NA
49,3e+11,0
50,-1,0
51,6.9e+09,NA
52,1e+11,0
53,1.9e+11,0
54,1.8e+11,0
55,1.1e+11,0
56,1.7e+11,0
57,1.7e+11,NA
58,7.9e+10,0
59,1.4e+11,0
60,2.1e+11,0
61,8.2e+10,0
62,1.2e+11,0
63,1e+11,NA
64,2.4e+11,NA
65,8.7e+10,NA
66,1.5e+11,0
67,8.7e+10,0
68,8.7e+10,0
69,3.3e+11,0
70,9.4e+11,0
71,-1,0
72,3e+11,0
73,5.5e+11,NA
74,5.5e+10,0
75,1.3e+11,0
76,8.4e+10,0
77,1.6e+11,0
78,9e+10,0
79,9.2e+10,0
80,6.4e+10,0
81,9.8e+10,0
82,1.5e+11,0
83,1.2e+11,0
84,2.8e+11,NA
85,5e+10,0
86,1.5e+11,NA
87,9.6e+10,NA
88,1.4e+11,0
89,1.8e+11,0
90,8.4e+10,0
91,1e+12,0
92,1.6e+11,0
93,1e+11,0
94,1.3e+12,NA
95,8.9e+09,0
96,1.3e+11,0
97,3.8e+11,NA
98,7.5e+10,0
99,4.3e+10,0
100,-1,0
101,1e+11,NA
102,1.1e+11,0
103,2.7e+11,0
104,9.1e+10,0
105,-1,0
106,1.2e+11,0
107,9.3e+11,NA
108,1.8e+12,0
109,7.4e+10,0
110,3.3e+11,0
111,3.2e+11,0
112,4.5e+11,0
113,1.1e+11,0
114,2.8e+11,0
115,3.5e+11,0
116,2.6e+10,0
117,8.9e+10,0
118,1.2e+11,0
119,2.6e+11,0
120,6.4e+10,NA
121,1.4e+11,NA
122,7.5e+10,0
123,1.1e+11,NA
124,8.1e+10,0
125,1.3e+12,0
126,2.4e+11,0
127,3e+10,NA
128,4e+11,0
129,1.6e+11,0
130,5.1e+09,0
131,1.5e+11,0
132,6.6e+10,0
133,1.2e+09,0
134,1.2e+12,0
135,1.8e+11,0
136,7.6e+10,0
137,1.8e+11,NA
138,2.8e+11,0
139,8.3e+10,0
140,2e+11,NA
141,4.3e+11,0
142,5.5e+11,0
143,-1,NA
144,3.2e+11,0
145,1.9e+11,0
146,2.6e+11,NA
147,3.4e+11,0
148,8.5e+10,0
149,4.3e+10,NA
150,1.6e+11,0
151,2.3e+11,0
152,1.5e+11,0
153,4.9e+10,0
154,1.2e+11,0
155,9e+10,NA
156,5.7e+10,NA
157,1.6e+11,0
158,7.2e+11,0
159,7.8e+10,NA
160,1.5e+10,0
161,1.1e+12,0
162,4.2e+11,0
163,2.3e+11,0
164,2.2e+11,0
165,4.3e+08,0
166,1.6e+11,0
167,4.6e+09,0
168,8.4e+10,NA
169,7.5e+11,0
170,8.4e+11,0
171,1.2e+11,0
172,1.9e+11,NA
173,1.3e+10,0
174,1.2e+11,0
175,1.2e+12,NA
176,1.2e+11,NA
177,8e+11,0
178,1.2e+11,0
179,1e+11,0
180,1.9e+10,0
181,4.6e+11,NA
182,4.5e+10,NA
183,1.4e+11,0
184,4.4e+10,0
185,5.7e+10,0
186,1.1e+11,0
187,1.1e+11,0
188,5.8e+08,0
189,3.3e+11,0
190,1.1e+11,0
191,7.2e+11,NA
192,3.7e+11,0
193,1.3e+11,0
194,1e+11,0
195,1.4e+11,0
196,1.5e+11,0
197,2e+12,0
198,8.6e+09,0
199,2.5e+11,0
200,4.7e+11,NA
201,5.8e+10,0
202,5.4e+10,0
203,3.8e+11,NA
204,1.2e+11,0
205,2.4e+11,0
206,1.4e+11,0
207,-1,0
208,0,0
209,1.6e+11,0
210,1.2e+11,NA
211,-1,0
212,1.1e+12,0
213,8.8e+11,0
214,1e+11,0
215,6.7e+10,0
216,1.6e+12,0
217,1.2e+11,0
218,-1,0
219,2.5e+11,NA
220,6e+11,NA
221,3.2e+11,0
222,1.4e+11,0
223,7.6e+11,0
224,3.3e+11,0
225,5e+10,NA
226,1.3e+11,0
227,1.2e+11,0
228,1.8e+10,0
229,1.6e+11,0
230,9.4e+11,0
231,1.1e+12,0
232,7.9e+10,NA
233,1.1e+12,0
234,8.1e+10,0
235,7.9e+10,0
236,8.9e+10,NA
237,-1,0
238,1.7e+11,0
239,-1,0
240,1e+12,NA
241,7.4e+09,NA
242,1.2e+11,0
243,8.4e+11,0
244,3.8e+10,0
245,2.1e+11,0
246,6.3e+11,NA
247,2.6e+09,0
248,3.1e+11,NA
249,1.2e+12,0
250,1e+10,0
251,1.4e+10,0
252,1e+12,0
253,4.6e+10,0
254,5.8e+10,0
255,8.5e+10,0
256,1.2e+11,0
257,2.6e+10,NA
258,1.4e+11,0
259,5.3e+09,0
260,1.1e+09,0
261,1.3e+12,NA
262,8e+10,0
263,4.7e+11,0
264,8.4e+10,NA
265,8.3e+10,0
266,2e+10,NA
267,8e+10,0
268,8.1e+10,0
269,1.3e+12,0
270,1.2e+12,0
271,1.3e+11,0
272,1.5e+11,0
273,1.2e+11,0
274,-1,0
275,1.8e+11,0
276,1.2e+11,0
277,5.8e+10,0
278,2.4e+11,0
279,9.1e+11,0
280,1.8e+11,0
281,7.7e+10,0
282,1.1e+11,NA
283,1.5e+11,0
284,1e+11,0
285,3.8e+11,NA
286,8.9e+10,NA
287,5.4e+11,0
288,9.4e+10,0
289,1.1e+11,0
290,-1,0
291,9.4e+10,0
292,1.1e+11,NA
293,4.6e+11,0
294,3e+11,0
295,5.8e+10,NA
296,8.1e+10,0
297,1.5e+11,NA
298,1.2e+11,NA
299,2.1e+11,0
300,1.5e+11,0
301,1.1e+11,0
302,8.3e+10,NA
303,1e+12,0
304,1.1e+11,0
305,5.2e+10,0
306,3e+11,0
307,1.5e+11,0
308,1.3e+11,0
309,1.6e+12,0
310,8.9e+11,0
311,4.7e+11,NA
312,1e+11,0
313,3.7e+11,0
314,9.6e+09,NA
315,3e+11,0
316,9e+10,0
317,6.8e+10,0
318,1.3e+12,0
319,1.3e+12,0
320,3.6e+11,0
321,1.1e+11,0
322,9.6e+10,0
323,4.2e+10,0
324,4.1e+11,0
325,6.7e+10,NA
326,1.2e+12,0
327,1.3e+11,0
328,5.5e+11,NA
329,1.8e+11,0
330,8.1e+10,0
331,1.5e+11,0
332,1.8e+11,0
333,1.4e+11,0
334,6e+10,0
335,1.1e+11,0
336,1.2e+11,0
337,1.5e+11,0
338,1e+11,0
339,1.4e+11,0
340,2.4e+11,0
341,1.8e+11,0
342,-1,0
343,5.1e+09,NA
344,1.2e+09,NA
345,1.5e+11,0
346,9.7e+10,0
347,4.3e+11,0
348,5.3e+10,0
349,3.4e+11,NA
350,2.3e+11,0
351,3e+10,0
352,6.9e+10,0
353,1.3e+11,0
354,1.2e+11,0
355,1.4e+11,NA
356,3e+11,0
357,8.9e+10,0
358,8.5e+10,0
359,7.2e+10,0
360,6.5e+11,0
361,8e+10,0
362,1.8e+11,NA
363,1.2e+11,0
364,3.4e+11,0
365,1.9e+11,0
366,3e+11,0
367,4e+11,0
368,8.8e+10,0
369,2e+11,NA
370,1.2e+11,0
371,-1,NA
372,8.4e+11,NA
373,1.3e+09,NA
374,2.1e+11,0
375,1.2e+11,0
376,5.3e+11,0
377,1.2e+11,0
378,1.1e+11,0
379,1.1e+11,0
380,9.5e+10,NA
381,2.3e+11,1
382,9.6e+09,0
383,7.5e+10,0
384,4e+11,0
385,6.4e+11,0
386,1.5e+11,NA
387,5.2e+10,0
388,1.3e+12,0
389,8.4e+10,NA
390,1.1e+12,NA
391,7e+10,0
392,1.6e+12,0
393,1e+11,0
394,5.9e+10,0
395,1.8e+12,NA
396,1.3e+11,NA
397,1.5e+10,0
398,1.6e+11,NA
399,3.8e+11,0
400,1.9e+11,0
401,9.7e+10,0
402,9.8e+10,0
403,1.6e+10,NA
404,1.1e+11,0
405,4.6e+11,0
406,6.2e+11,0
407,1.7e+11,0
408,1.8e+12,NA
409,1.6e+12,0
410,1.4e+11,0
411,9.9e+11,0
412,2.3e+10,0
413,4.9e+11,NA
414,1.2e+11,NA
415,8e+10,0
416,5.6e+09,0
417,1.1e+12,0
418,1e+11,0
419,2.2e+11,NA
420,8.4e+10,0
421,1.1e+11,NA
422,9.5e+11,0
423,1.1e+11,NA
424,1e+10,0
425,2.6e+11,0
426,2.3e+11,0
427,2.3e+10,0
428,4.2e+10,0
429,7.9e+10,0
430,1e+11,0
431,-1,0
432,7.2e+11,0
433,5e+10,0
434,1.2e+11,0
435,2.2e+11,0
436,3.4e+11,0
437,2.9e+11,0
438,1.2e+12,0
439,-1,NA
440,1.3e+10,0
441,9.5e+10,0
442,2.7e+11,0
443,9.6e+10,0
444,5.9e+11,NA
445,8.4e+10,1
446,1.2e+11,0
447,3.2e+11,0
448,8e+10,0
449,5.6e+10,0
450,-1,0
451,1.3e+11,NA
452,6.8e+10,0
453,1.6e+12,0
454,9.6e+10,0
455,1.1e+11,0
456,6.8e+10,0
457,2.7e+11,0
458,6.6e+11,0
459,5.5e+10,0
460,2.6e+09,0
461,4e+10,0
462,1.1e+11,0
463,-1,NA
464,6.8e+11,0
465,1.2e+11,NA
466,1e+12,0
467,1.5e+11,0
468,1.6e+11,NA
469,1.2e+11,0
470,2.2e+12,0
471,1.5e+09,0
472,1.8e+12,0
473,5.4e+11,0
474,1.2e+11,0
475,4.5e+10,0
476,7.2e+09,0
477,-1,0
478,8.6e+11,0
479,7.4e+10,NA
480,1e+11,0
481,1.9e+11,0
482,5.3e+11,NA
483,7.1e+09,0
484,3e+11,0
485,-1,0
486,2.3e+11,NA
487,1.2e+11,NA
488,9.2e+09,0
489,-1,0
490,9.6e+10,0
491,1.8e+11,0
492,7.5e+10,0
493,9.5e+10,0
494,1.1e+12,NA
495,5.3e+10,0
496,2.5e+11,NA
497,1.7e+12,NA
498,1.3e+11,0
499,1.2e+11,0
500,1.2e+11,0
501,4e+10,0
502,3.5e+10,NA
503,1.2e+11,NA
504,1.5e+11,0
505,5.6e+11,1
506,-1,0
507,5.6e+10,0
508,2.5e+11,0
509,1.3e+11,0
510,1.1e+11,NA
511,1.8e+11,0
512,2.8e+11,0
513,1.7e+11,0
514,1.2e+11,0
515,9.1e+11,0
516,-1,0
517,-1,0
518,1e+11,0
519,1.1e+11,NA
520,4.9e+09,0
521,-1,NA
522,7.6e+10,NA
523,7.7e+09,0
524,9.8e+11,0
525,1.2e+12,0
526,1.3e+11,0
527,1.2e+11,0
528,9.5e+11,1
529,9.1e+10,1
530,4.1e+11,1
531,1.3e+11,1
532,2e+11,NA
533,1.3e+11,1
534,1.6e+11,1
535,1.1e+11,1
536,1.4e+11,1
537,6.9e+09,1
538,8.4e+11,NA
539,4.2e+10,1
540,4.2e+11,1
541,9e+10,1
542,6.3e+10,1
543,1.9e+11,1
544,1.8e+11,1
545,8.6e+10,1
546,6.8e+10,1
547,-1,1
548,7.8e+10,1
549,1.3e+11,0
550,1.4e+10,0
551,8.3e+10,0
552,1.1e+11,0
553,1e+11,0
554,4.9e+11,NA
555,1.4e+11,0
556,1.5e+10,0
557,3.3e+11,0
558,1.7e+08,0
559,5.1e+09,0
560,1.3e+11,NA
561,-1,0
562,3.1e+10,0
563,3.2e+09,NA
564,7.3e+11,0
565,1.8e+12,0
566,6.7e+10,0
567,2.4e+11,0
568,-1,0
569,1e+09,0
570,9.6e+11,0
571,8.4e+10,0
572,4.3e+11,NA
573,9.3e+11,0
574,-1,0
575,8.1e+10,0
576,1.3e+11,0
577,4.1e+09,0
578,2.8e+11,0
579,1.2e+11,0
580,9.4e+10,0
581,2.2e+10,0
582,2.1e+11,0
583,1e+11,0
584,1.4e+10,0
585,-1,0
586,1.2e+09,0
587,8.5e+10,0
588,4e+11,0
589,1.3e+11,0
590,7.6e+11,0
591,1.3e+11,0
592,9.4e+09,0
593,1e+11,0
594,1.8e+11,0
595,2e+09,0
596,5.5e+10,0
597,1.1e+11,0
598,8.1e+10,NA
599,8.3e+10,0
600,1.2e+11,0
601,2.9e+11,NA
602,-1,0
603,4.6e+09,0
604,9.6e+10,NA
605,-1,0
606,2.2e+10,0
607,1.9e+11,NA
608,-1,0
609,1e+12,0
610,1.2e+12,0
611,-1,0
612,-1,0
613,2.4e+11,0
614,1.7e+08,NA
615,1.3e+11,0
616,6.3e+11,0
617,9e+10,0
618,1.4e+11,0
619,1.6e+12,0
620,1.4e+11,0
621,1.6e+11,0
622,1.3e+10,0
623,2.1e+11,0
624,1.5e+11,0
625,1.1e+10,NA
626,-1,NA
627,5.6e+10,0
628,9.7e+10,NA
629,2.2e+10,0
630,8.2e+09,NA
631,1.5e+11,0
632,8.4e+09,0
633,3.4e+11,NA
634,7.9e+11,0
635,4.6e+11,0
636,1.3e+12,NA
637,1.8e+11,NA
638,4e+11,NA
639,-1,NA
640,3.9e+11,1
641,2.1e+11,NA
642,6e+10,1
643,1.9e+11,1
644,2e+11,NA
645,9.5e+11,1
646,-1,1
647,1.1e+10,NA
648,1.3e+11,1
649,2.3e+11,1
650,1.9e+10,1
651,1e+11,1
652,-1,1
653,9.7e+10,1
654,7.1e+10,1
655,2.6e+11,1
656,2.4e+11,1
657,1e+11,1
658,-1,NA
659,-1,0
660,1e+10,NA
661,1.7e+11,0
662,1.5e+12,0
663,9e+10,0
664,5e+11,0
665,1.3e+11,0
666,8.5e+09,0
667,8.6e+10,0
668,1.1e+11,0
669,1.2e+12,0
670,3.6e+11,0
671,1.1e+12,0
672,5.3e+10,0
673,2.2e+10,0
674,2e+11,0
675,1.3e+11,NA
676,8.3e+10,0
677,5.8e+11,0
678,1.2e+12,0
679,-1,0
680,1e+11,0
681,9.1e+10,0
682,9.8e+11,0
683,-1,0
684,8.4e+10,NA
685,2e+11,0
686,1.3e+11,NA
687,3e+11,0
688,8.9e+10,NA
689,-1,0
690,2.1e+09,0
691,1.5e+11,0
692,1.5e+11,0
693,7.8e+10,0
694,1.2e+11,0
695,6.9e+09,NA
696,7.8e+10,0
697,-1,0
698,1.3e+11,0
699,3.7e+10,NA
700,9.8e+10,0
701,3.2e+11,0
702,-1,NA
703,8.3e+10,NA
704,1.5e+10,0
705,9.1e+09,0
706,1.5e+11,0
707,6.6e+10,0
708,1.2e+11,0
709,1e+11,0
710,4e+11,0
711,1.6e+11,0
712,5.6e+10,0
713,1.2e+11,NA
714,1.2e+11,0
715,1e+11,0
716,1.5e+11,0
717,8.1e+10,0
718,9.6e+10,NA
719,1.9e+11,0
720,7.2e+11,0
721,7.5e+10,0
722,1.6e+11,0
723,8.7e+11,0
724,1.7e+11,0
725,1.1e+11,0
726,2.8e+08,0
727,4.6e+11,0
728,2.3e+11,0
729,1.2e+11,0
730,1.6e+10,0
731,3.8e+11,0
732,7.8e+10,0
733,-1,0
734,9.6e+10,0
735,1.9e+11,0
736,8.4e+10,0
737,3.2e+11,0
738,1.1e+11,0
739,1.6e+11,NA
740,8.6e+10,0
741,1.2e+11,0
742,1.2e+12,0
743,-1,NA
744,2e+11,0
745,3.3e+11,NA
746,1.7e+12,0
747,1.1e+12,NA
748,1.3e+10,0
749,1.1e+11,0
750,2.1e+11,NA
751,1.1e+12,0
752,1.3e+11,0
753,-1,NA
754,1.3e+11,0
755,1.4e+11,0
756,3.4e+11,0
757,99905,NA
758,1.2e+11,0
759,8.5e+08,0
760,9.8e+11,0
761,2.4e+11,0
762,4.5e+10,0
763,-1,0
764,5.5e+10,0
765,1.1e+11,0
766,5.1e+11,0
767,4.6e+10,NA
768,8.7e+10,0
769,-1,0
770,2.2e+11,NA
771,3e+11,0
772,1.4e+11,0
773,9.1e+10,0
774,1.6e+10,0
775,9.5e+10,NA
776,1.3e+12,0
777,1.3e+11,0
778,2.4e+11,0
779,1.1e+12,NA
780,1.1e+11,0
781,1.4e+12,0
782,1.5e+12,0
783,5.2e+10,NA
784,9.7e+10,0
785,9.5e+10,0
786,1.4e+11,0
787,2e+11,NA
788,5.8e+11,0
789,3.9e+11,0
790,9.6e+09,0
791,2.8e+11,0
792,2.3e+11,0
793,1.4e+11,NA
794,2.4e+11,0
795,1.8e+11,0
796,2.4e+11,0
797,1.3e+11,0
798,4.5e+11,0
799,1.2e+12,0
800,2.6e+11,0
801,1.1e+11,0
802,3e+11,0
803,3.5e+11,0
804,1.1e+12,0
805,3.2e+11,0
806,1.8e+11,0
807,1.5e+11,0
808,4.8e+11,0
809,9.4e+10,0
810,3.6e+11,0
811,3.4e+11,0
812,5.5e+08,0
813,9.1e+11,NA
814,9.8e+11,0
815,8.7e+10,NA
816,1.1e+12,0
817,7.8e+10,0
818,7.5e+10,0
819,2.9e+11,0
820,7.8e+11,0
821,9.6e+10,0
822,3.5e+10,0
823,1.3e+11,0
824,1.8e+11,0
825,1.1e+12,0
826,8.4e+10,0
827,1.1e+11,0
828,1.4e+11,0
829,1.2e+12,0
830,1.2e+12,0
831,-1,0
832,1.1e+11,0
833,4.6e+09,0
834,1.6e+11,NA
835,1e+11,0
836,6.1e+11,0
837,-1,0
838,1.8e+11,0
839,7.8e+10,0
840,5.2e+11,0
841,1.1e+11,0
842,5.3e+10,0
843,5.1e+11,0
844,5e+10,NA
845,4e+11,0
846,2.3e+11,0
847,4.9e+10,NA
848,6.7e+10,0
849,5e+10,0
850,2.3e+11,NA
851,1.7e+12,NA
852,1.4e+10,NA
853,8e+11,0
854,1.8e+11,0
855,2.5e+11,NA
856,2.1e+11,0
857,1.2e+11,0
858,3e+11,0
859,5.8e+11,0
860,7e+11,0
861,4.2e+09,NA
862,3.9e+09,0
863,8.5e+10,0
864,1.9e+11,0
865,1e+11,0
866,2.2e+11,NA
867,1.6e+11,0
868,1.7e+08,0
869,3e+11,0
870,3e+11,NA
871,6.6e+09,0
872,1.1e+11,0
873,6.1e+11,0
874,2.3e+09,0
875,-1,NA
876,3e+11,0
877,7.3e+10,0
878,4.7e+11,0
879,1.3e+11,0
880,1.9e+11,NA
881,1.8e+11,NA
882,2.1e+11,0
883,5.9e+09,NA
884,1.2e+11,0
885,5.4e+10,0
886,2.6e+09,0
887,3.8e+11,0
888,8.7e+10,0
889,-1,NA
890,1.7e+11,0
891,3.9e+11,0
892,1.9e+09,0
893,1.1e+11,0
894,8.2e+10,0
895,9.8e+11,0
896,1.2e+11,0
897,1.6e+11,0
898,-1,0
899,1.3e+11,0
900,7.9e+10,0
901,1.5e+12,NA
902,1.3e+09,0
903,1.3e+11,0
904,6.5e+10,0
905,1.5e+11,0
906,9.6e+10,0
907,6.6e+09,0
908,1.1e+11,0
909,5.6e+10,0
910,1.1e+11,0
911,-1,0
912,1.2e+11,NA
913,5.2e+11,0
914,9.6e+10,0
915,5.7e+11,0
916,1.1e+11,0
917,1.1e+10,0
918,3.2e+09,0
919,1.4e+11,0
920,1.7e+11,NA
921,5.2e+11,0
922,9.4e+11,0
923,3e+11,0
924,3.2e+11,0
925,1e+11,0
926,9.9e+10,0
927,2.1e+11,NA
928,-1,0
929,1.3e+11,NA
930,9e+11,0
931,2.9e+11,0
932,1.1e+11,NA
933,2e+11,NA
934,2.1e+11,0
935,9e+10,0
936,-1,0
937,2.2e+11,0
938,-1,0
939,1.6e+11,0
940,5.1e+09,1
941,2e+12,0
942,1e+12,0
943,3.7e+10,NA
944,2.2e+11,0
945,5.4e+10,0
946,6.2e+10,0
947,2.6e+11,0
948,1.7e+09,0
949,1.9e+10,0
950,1.3e+12,0
951,1.7e+11,0
952,2.5e+11,NA
953,1.3e+11,0
954,1e+11,NA
955,1e+11,0
956,2.4e+09,0
957,4.7e+10,0
958,2.2e+11,0
959,6.8e+11,NA
960,-1,0
961,1.4e+10,0
962,9e+10,0
963,1.7e+11,NA
964,4.1e+11,NA
965,-1,NA
966,-1,NA
967,1.2e+11,0
968,1.3e+12,0
969,3.5e+10,0
970,1.5e+11,0
971,-1,0
972,6.7e+10,0
973,2.9e+11,NA
974,2.2e+09,0
975,1e+12,0
976,0,0
977,3.8e+11,0
978,-1,NA
979,7.7e+11,NA
980,1e+11,1
981,1.1e+11,1
982,7.5e+11,1
983,1.3e+11,1
984,2e+11,1
985,1e+11,1
986,8.3e+10,1
987,7.8e+10,1
988,3.2e+11,1
989,1.9e+11,1
990,9.8e+11,1
991,1.7e+11,1
992,2.9e+08,NA
993,1e+11,1
994,3.3e+11,1
995,2e+11,0
996,3e+10,NA
997,-1,0
998,4e+11,0
999,1.2e+12,0
1000,1.3e+11,0
1001,4.8e+11,0
1002,6.8e+10,0
1003,3.2e+11,NA
1004,7.6e+10,0
1005,3.6e+11,0
1006,2.1e+10,NA
1007,7.7e+11,0
1008,8.3e+10,0
1009,1.6e+11,0
1010,1e+11,0
1011,1.2e+12,NA
1012,1.7e+11,0
1013,6e+10,0
1014,1.1e+11,0
1015,7.4e+10,0
1016,3.2e+09,0
1017,2.2e+11,0
1018,5.4e+10,0
1019,2.3e+11,NA
1020,4.7e+11,0
1021,8.3e+11,0
1022,9.6e+08,0
1023,2e+11,NA
1024,5.9e+10,0
1025,2e+11,0
1026,1.2e+12,0
1027,5.5e+10,0
1028,9.4e+10,0
1029,-1,0
1030,9.8e+11,NA
1031,7.5e+10,0
1032,1.7e+11,0
1033,1.1e+12,0
1034,1.2e+12,NA
1035,3.8e+09,NA
1036,8.8e+10,0
1037,5.4e+10,0
1038,7.2e+11,0
1039,4e+10,0
1040,3e+11,0
1041,1e+11,0
1042,1.2e+11,NA
1043,1.2e+12,0
1044,3.9e+11,0
1045,3.5e+11,NA
1046,1.1e+12,0
1047,1.2e+11,0
1048,6.4e+10,0
1049,1.4e+11,0
1050,1.4e+12,0
1051,4.4e+11,0
1052,5.8e+10,0
1053,1.3e+12,0
1054,1.3e+11,0
1055,1.2e+12,NA
1056,1.3e+11,0
1057,7.8e+10,0
1058,9.7e+10,0
1059,1e+10,NA
1060,2.7e+11,0
1061,-1,0
1062,1.7e+11,0
1063,9.7e+10,NA
1064,1.1e+11,0
1065,1.2e+11,0
1066,2.7e+11,NA
1067,1.5e+11,0
1068,9e+10,0
1069,5e+10,0
1070,1.1e+11,0
1071,2.1e+10,0
1072,9.6e+10,0
1073,9.3e+10,NA
1074,1.1e+11,0
1075,7.9e+10,0
1076,4.7e+11,0
1077,6.3e+11,0
1078,1.4e+12,NA
1079,1.2e+11,0
1080,-1,0
1081,1.2e+11,0
1082,2.5e+11,0
1083,1.3e+11,NA
1084,3.2e+09,0
1085,1.8e+11,0
1086,4.6e+11,NA
1087,1.3e+11,0
1088,1.3e+11,0
1089,5.3e+11,0
1090,2.1e+11,0
1091,5.3e+11,0
1092,8.4e+10,0
1093,2.9e+10,NA
1094,9.8e+10,0
1095,1.4e+11,0
1096,-1,0
1097,3.3e+11,NA
1098,3.6e+11,NA
1099,9.7e+10,0
1100,5.9e+10,0
1101,1.2e+11,1
1102,2.5e+11,0
1103,1.8e+11,NA
1104,9.6e+10,0
1105,1.4e+11,0
1106,1.4e+11,0
1107,8.4e+10,0
1108,1.1e+11,0
1109,4.1e+11,0
1110,2.6e+11,0
1111,8.4e+10,0
1112,5e+10,0
1113,1.2e+12,0
1114,-1,0
1115,9.6e+10,0
1116,-1,0
1117,1.4e+09,NA
1118,1.4e+11,NA
1119,-1,0
1120,9.7e+10,0
1121,9.7e+10,0
1122,1.8e+11,0
1123,1.5e+10,0
1124,1.9e+11,0
1125,2.2e+11,0
1126,1.7e+11,0
1127,9.6e+10,NA
1128,1.6e+12,1
1129,7.5e+10,0
1130,1.7e+09,0
1131,1.1e+12,0
1132,4.7e+11,0
1133,2.8e+11,NA
1134,1.3e+11,0
1135,2.2e+11,0
1136,9.1e+11,0
1137,8.7e+10,0
1138,1.8e+08,0
1139,4.6e+09,0
1140,2e+11,0
1141,1.2e+11,0
1142,1.1e+11,0
1143,1.3e+11,NA
1144,9.6e+10,0
1145,1.7e+11,0
1146,1.7e+11,0
1147,8.9e+10,0
1148,2.4e+11,0
1149,6.7e+10,0
1150,1.3e+11,0
1151,1.2e+11,NA
1152,1.5e+12,NA
1153,-1,0
1154,-1,0
1155,8.1e+10,0
1156,1.2e+11,0
1157,8.9e+10,0
1158,1.5e+11,0
1159,1.5e+09,NA
1160,1.8e+11,0
1161,9.4e+10,0
1162,5.6e+10,NA
1163,6.6e+11,0
1164,1.2e+11,0
1165,1.2e+12,0
1166,2.8e+11,0
1167,5.4e+10,0
1168,8.5e+10,0
1169,2.7e+11,0
1170,1.1e+11,0
1171,1.1e+11,NA
1172,3e+10,0
1173,1.5e+11,0
1174,9.5e+10,0
1175,1.7e+12,0
1176,-1,0
1177,6.3e+10,0
1178,1.7e+11,NA
1179,9.4e+10,0
1180,2.5e+10,0
1181,1.1e+11,0
1182,4.7e+10,0
1183,5.3e+11,0
1184,1.3e+12,NA
1185,1.4e+11,0
1186,5.1e+09,NA
1187,7e+10,0
1188,1.7e+10,0
1189,1.8e+11,0
1190,1.3e+11,0
1191,2e+09,0
1192,1e+10,0
1193,1e+11,0
1194,8.9e+09,0
1195,2.4e+10,0
1196,5.5e+11,0
1197,2.3e+11,0
1198,2.5e+11,0
1199,1.3e+11,NA
1200,4.3e+09,NA
1201,1.4e+11,0
1202,8.6e+10,NA
1203,1.2e+11,0
1204,-1,0
1205,2.9e+11,0
1206,8.6e+10,0
1207,1.3e+12,0
1208,-1,0
1209,1.3e+11,0
1210,2.8e+08,0
1211,1.2e+12,0
1212,8.8e+10,NA
1213,1.4e+12,0
1214,2.2e+10,0
1215,3.5e+10,0
1216,1.5e+12,0
1217,6.1e+10,NA
1218,3.3e+11,0
1219,2.3e+11,NA
1220,9.5e+11,NA
1221,7.8e+11,0
1222,-1,NA
1223,6.4e+09,0
1224,3.3e+11,0
1225,3.5e+10,0
1226,1.2e+11,NA
1227,1e+12,1
1228,2e+11,0
1229,1.3e+12,0
1230,1.7e+11,0
1231,6.2e+10,0
1232,5.9e+10,0
1233,1.9e+11,0
1234,2.4e+11,0
1235,-1,0
1236,1.7e+11,NA
1237,1.1e+11,0
1238,2.5e+09,NA
1239,5.4e+10,NA
1240,0,0
1241,5.4e+11,0
1242,8.6e+10,0
1243,2.3e+11,NA
1244,-1,0
1245,1.6e+11,0
1246,3e+10,0
1247,1.3e+11,0
1248,1e+11,0
1249,2.3e+11,0
1250,5.5e+10,NA
1251,2.6e+10,0
1252,1.8e+11,0
1253,2.5e+11,0
1254,1.1e+11,0
1255,4.7e+10,0
1256,2.7e+11,0
1257,1.2e+11,NA
1258,1.1e+11,0
1259,2e+11,0
1260,1.1e+11,0
1261,1.5e+11,NA
1262,1.7e+12,0
1263,1.2e+12,0
1264,1.8e+11,0
1265,1.4e+11,0
1266,-1,0
1267,5.1e+10,0
1268,1.9e+10,0
1269,5.7e+10,0
1270,1.3e+11,0
1271,4.8e+10,0
1272,3.7e+09,0
1273,1e+11,0
1274,-1,0
1275,5e+10,NA
1276,1.8e+11,0
1277,1.1e+11,0
1278,2.7e+10,0
1279,1.7e+11,0
1280,1.2e+11,0
1281,6.6e+11,0
1282,4.3e+09,0
1283,6.6e+09,0
1284,7.2e+10,0
1285,9e+10,NA
1286,4.8e+10,1
1287,1.1e+11,1
1288,1.2e+09,1
1289,1.1e+11,1
1290,1.3e+11,1
1291,1.2e+11,1
1292,1.5e+10,1
1293,3e+11,1
1294,7.8e+10,NA
1295,2.4e+11,1
1296,3.4e+11,1
1297,1.6e+11,1
1298,1.8e+11,NA
1299,1.3e+11,1
1300,5.8e+10,1
1301,1.5e+11,1
1302,7.7e+10,1
1303,1.2e+11,1
1304,-1,1
1305,1.1e+11,1
1306,1.6e+11,1
1307,6.1e+10,0
1308,9.1e+09,0
1309,3.6e+09,0
1310,-1,0
1311,2e+11,0
1312,9.5e+10,NA
1313,1.6e+09,0
1314,2.6e+10,NA
1315,2.4e+11,NA
1316,-1,0
1317,2.8e+11,0
1318,9.4e+10,0
1319,1.1e+11,0
1320,-1,0
1321,6.8e+10,0
1322,-1,NA
1323,9.1e+10,0
1324,9e+10,0
1325,2.4e+11,NA
1326,1.3e+11,0
1327,7.8e+10,0
1328,5.6e+09,0
1329,1.9e+11,NA
1330,2.2e+11,0
1331,1.7e+11,NA
1332,1.1e+12,0
1333,-1,NA
1334,9.1e+08,NA
1335,2.9e+10,NA
1336,7.9e+11,0
1337,5.5e+11,0
1338,4.5e+11,0
1339,1.4e+11,0
1340,1.1e+12,0
1341,1.2e+12,NA
1342,1e+11,0
1343,8.1e+11,0
1344,6.6e+11,0
1345,1.4e+12,NA
1346,2e+11,0
1347,9.5e+11,0
1348,9e+11,0
1349,1.7e+12,0
1350,1.2e+12,0
1351,-1,0
1352,1.6e+11,0
1353,3.4e+11,0
1354,3.7e+11,0
1355,4.3e+10,0
1356,6.6e+09,NA
1357,5.6e+10,0
1358,2.4e+11,0
1359,1.2e+11,0
1360,1.5e+11,0
1361,2e+10,0
1362,8e+10,0
1363,1e+11,NA
1364,-1,0
1365,1.6e+11,NA
1366,1.1e+10,1
1367,8.3e+10,1
1368,9.1e+10,1
1369,2e+11,1
1370,1.5e+11,1
1371,1.2e+12,1
1372,4.1e+11,1
1373,7e+10,1
1374,4.2e+11,1
1375,2.7e+11,NA
1376,6.8e+10,1
1377,1.4e+11,1
1378,-1,1
1379,-1,1
1380,1.1e+11,1
1381,6.2e+10,NA
1382,1e+11,NA
1383,1.1e+11,1
1384,9.4e+11,1
1385,1.3e+10,1
1386,-1,1
1387,-1,NA
1388,1.6e+11,0
1389,9.9e+10,0
1390,2.2e+09,0
1391,6.7e+10,0
1392,1.7e+11,0
1393,1.3e+11,0
1394,5.7e+10,0
1395,1.4e+11,0
1396,4.1e+09,0
1397,1.2e+12,NA
1398,3.8e+11,0
1399,5.2e+10,0
1400,1.3e+11,NA
1401,2.9e+11,NA
1402,1.2e+11,NA
1403,1.6e+11,0
1404,2e+09,0
1405,1.6e+09,0
1406,8.7e+11,0
1407,1.9e+11,NA
1408,5.8e+09,0
1409,1.3e+11,0
1410,1.1e+10,0
1411,1.1e+11,NA
1412,6.7e+09,0
1413,8.3e+10,0
1414,8.3e+11,0
1415,9.3e+10,0
1416,8.3e+10,0
1417,1.3e+11,0
1418,1.4e+11,0
1419,1.5e+11,NA
1420,1.9e+11,0
1421,1.4e+12,NA
1422,5.6e+09,0
1423,5.8e+10,0
1424,1.2e+11,0
1425,8.3e+10,NA
1426,1.2e+11,0
1427,5.8e+10,0
1428,1.7e+12,0
1429,4.4e+10,0
1430,7.1e+11,0
1431,1e+11,0
1432,5.2e+11,NA
1433,1.6e+11,NA
1434,8.3e+10,NA
1435,8.5e+09,0
1436,2.3e+10,0
1437,1.7e+11,0
1438,9.4e+10,0
1439,4.2e+11,0
1440,8.6e+10,0
1441,1.3e+12,0
1442,1.3e+11,0
1443,1.6e+11,0
1444,1.4e+11,0
1445,1.7e+11,0
1446,1.2e+11,0
1447,1.3e+11,0
1448,1.3e+12,0
1449,1.3e+11,0
1450,1.8e+11,0
1451,1.9e+11,0
1452,1.3e+11,0
1453,1.3e+10,0
1454,1.3e+11,0
1455,2.2e+12,0
1456,5.4e+11,0
1457,1.2e+11,NA
1458,6.8e+11,0
1459,1.6e+12,0
1460,5.3e+11,NA
1461,1.2e+11,0
1462,8.5e+10,NA
1463,2.1e+11,NA
1464,2.1e+11,NA
1465,2.6e+11,0
1466,1.7e+11,0
1467,0,NA
1468,1.2e+12,0
1469,1.2e+11,0
1470,-1,0
1471,4.7e+10,0
1472,1.3e+11,0
1473,1.7e+11,NA
1474,4.2e+11,0
1475,1.3e+11,0
1476,1.2e+12,NA
1477,1.6e+10,0
1478,4.3e+09,NA
1479,8.2e+10,0
1480,1.4e+11,0
1481,9.9e+10,0
1482,3.7e+10,0
1483,1.5e+11,0
1484,1.8e+11,NA
1485,1.2e+11,0
1486,8.1e+10,NA
1487,1.1e+11,0
1488,1.2e+11,0
1489,7.7e+10,0
1490,5.8e+10,0
1491,6.7e+10,NA
1492,2.3e+11,0
1493,7.7e+09,0
1494,5.5e+08,NA
1495,1.3e+11,0
1496,9e+10,0
1497,4.7e+10,0
1498,8.7e+11,0
1499,1.8e+11,0
1500,2.3e+11,0
1501,1.3e+11,0
1502,1.5e+11,NA
1503,2.9e+11,0
1504,1.2e+12,0
1505,7.6e+11,0
1506,-1,NA
1507,3.4e+11,0
1508,5.5e+11,0
1509,8.9e+09,NA
1510,4.6e+11,0
1511,-1,NA
1512,1.2e+11,0
1513,-1,0
1514,2.6e+10,0
1515,1.4e+11,0
1516,9e+10,0
1517,2.4e+11,0
1518,9e+11,0
1519,9.1e+10,NA
1520,1.2e+11,0
1521,2.6e+11,0
1522,1.2e+12,0
1523,1.1e+12,0
1524,1.2e+11,0
1525,1.6e+11,0
1526,3.2e+09,0
1527,2.9e+11,0
1528,4.2e+10,NA
1529,5e+10,NA
1530,4.5e+08,0
1531,3.6e+11,0
1532,7.4e+10,NA
1533,8.7e+09,0
1534,3.3e+11,NA
1535,1.1e+11,NA
1536,7.6e+10,0
1537,1.1e+12,0
1538,9e+10,0
1539,9.1e+10,0
1540,7.4e+09,NA
1541,3.7e+11,0
1542,-1,0
1543,5.5e+11,0
1544,8.4e+11,0
1545,4.6e+10,0
1546,1e+11,0
1547,1.2e+11,0
1548,4.9e+09,0
1549,4.3e+11,0
1550,-1,NA
1551,1.8e+11,NA
1552,1.4e+11,NA
1553,1.4e+11,0
1554,1.9e+11,NA
1555,1e+11,NA
1556,2.4e+10,0
1557,5.3e+09,0
1558,1e+11,0
1559,1.2e+12,NA
1560,2.3e+10,0
1561,1.3e+11,0
1562,5.2e+10,0
1563,1.8e+12,0
1564,3e+11,0
1565,5.9e+10,0
1566,2.5e+11,NA
1567,1.2e+11,NA
1568,4.1e+11,0
1569,1.9e+11,0
1570,8.5e+10,0
1571,4.7e+11,NA
1572,5.8e+10,0
1573,3.5e+10,0
1574,1.2e+11,0
1575,1.9e+11,0
1576,1.2e+11,0
1577,1.3e+11,0
1578,5.4e+10,0
1579,9.6e+10,0
1580,-1,0
1581,1e+11,0
1582,4.2e+11,0
1583,2.9e+11,0
1584,1.4e+11,0
1585,-1,NA
1586,6.8e+10,0
1587,2.9e+11,0
1588,1.1e+11,0
1589,2e+11,NA
1590,1.1e+12,NA
1591,1.8e+10,NA
1592,8.5e+10,0
1593,8.3e+11,0
1594,3.5e+11,0
1595,1.3e+11,0
1596,9.4e+10,NA
1597,1.5e+11,0
1598,1.8e+12,0
1599,5.8e+11,0
1600,3.2e+10,0
1601,1.3e+11,0
1602,8.3e+10,NA
1603,6.3e+10,0
1604,1.1e+12,0
1605,5e+10,NA
1606,1.2e+12,0
1607,1.5e+11,0
1608,9.9e+10,NA
1609,1.2e+11,NA
1610,8.9e+10,0
1611,8.6e+11,NA
1612,3.3e+11,0
1613,3.6e+11,0
1614,1.8e+11,NA
1615,1.4e+12,0
1616,1.1e+11,NA
1617,4.7e+10,0
1618,1.2e+11,0
1619,4.8e+10,0
1620,1.5e+11,0
1621,3.7e+11,NA
1622,1.3e+11,0
1623,1.5e+10,NA
1624,1.8e+11,0
1625,6e+11,0
1626,1.1e+11,0
1627,5.4e+10,0
1628,8.3e+10,NA
1629,1.1e+11,NA
1630,2.8e+11,0
1631,9.7e+10,0
1632,1.7e+12,0
1633,1.1e+11,0
1634,5e+10,NA
1635,3.3e+09,0
1636,9.8e+10,0
1637,2e+10,0
1638,1.3e+11,NA
1639,1.1e+12,0
1640,9.8e+10,0
1641,1.8e+12,NA
1642,1.8e+11,0
1643,1.6e+10,0
1644,6e+10,0
1645,1.2e+11,0
1646,1e+12,NA
1647,1.1e+11,0
1648,1.7e+11,NA
1649,1.4e+12,NA
1650,8.4e+10,0
1651,-1,0
1652,1.3e+11,0
1653,7.1e+11,1
1654,1.2e+11,0
1655,2.6e+11,1
1656,3.8e+10,0
1657,1.7e+11,0
1658,1.8e+11,0
1659,1.4e+11,0
1660,-1,0
1661,-1,0
1662,5.5e+10,0
1663,1.4e+10,0
1664,-1,0
1665,-1,NA
1666,1.2e+12,NA
1667,-1,NA
1668,1.6e+11,0
1669,7e+10,0
1670,1.2e+11,NA
1671,2.4e+10,0
1672,6e+10,NA
1673,0,NA
1674,9.9e+10,0
1675,1.3e+12,0
1676,1.8e+11,NA
1677,2.4e+11,1
1678,6.3e+09,1
1679,9.7e+10,1
1680,2.2e+11,1
1681,2.1e+11,1
1682,-1,1
1683,5.8e+10,1
1684,1.1e+11,1
1685,8.7e+10,1
1686,9.5e+10,NA
1687,6.6e+10,NA
1688,3.2e+11,NA
1689,4.3e+11,1
1690,1.2e+11,1
1691,1.7e+11,1
1692,3.7e+11,1
1693,3.2e+09,1
1694,1.3e+11,NA
1695,-1,0
1696,1.1e+11,NA
1697,1.1e+11,0
1698,4.8e+11,0
1699,1.6e+11,0
1700,1.8e+11,0
1701,4.6e+11,0
1702,5.8e+10,0
1703,-1,0
1704,1.1e+11,0
1705,9.6e+10,0
1706,6.7e+10,0
1707,5.5e+08,0
1708,1.2e+11,0
1709,1.5e+11,0
1710,5.4e+10,0
1711,1.4e+12,0
1712,7.2e+10,NA
1713,2.3e+11,NA
1714,6.8e+10,NA
1715,-1,0
1716,1.3e+11,0
1717,0,0
1718,8.7e+10,NA
1719,-1,0
1720,3.9e+10,0
1721,-1,0
1722,4.9e+10,NA
1723,1.2e+11,NA
1724,-1,0
1725,6.5e+11,0
1726,1.1e+12,0
1727,2.6e+10,0
1728,1.3e+11,NA
1729,1.3e+11,0
1730,5e+11,0
1731,4.4e+11,NA
1732,8.5e+11,NA
1733,1.3e+11,0
1734,8.3e+11,0
1735,2.3e+11,0
1736,-1,0
1737,6.3e+10,NA
1738,1.5e+11,0
1739,9.5e+10,NA
1740,-1,0
1741,1.2e+11,0
1742,1.2e+11,0
1743,1e+12,0
1744,3.7e+10,0
1745,1.3e+11,0
1746,9.9e+11,0
1747,2.9e+11,0
1748,-1,0
1749,1.4e+11,NA
1750,6.4e+10,0
1751,2.1e+10,0
1752,7.8e+10,0
1753,2.3e+11,0
1754,8.7e+10,0
1755,1.2e+11,0
1756,1.7e+11,0
1757,6.2e+11,0
1758,1.1e+11,0
1759,2.4e+10,0
1760,0,0
1761,1.7e+11,0
1762,2.5e+11,0
1763,-1,0
1764,1.5e+11,0
1765,6.2e+11,0
1766,1.3e+11,0
1767,1.5e+11,NA
1768,1.7e+11,0
1769,8.6e+10,0
1770,3.3e+11,0
1771,9.4e+10,0
1772,-1,0
1773,9e+10,NA
1774,2.4e+09,0
1775,1.3e+11,0
1776,4.7e+10,0
1777,2.3e+11,0
1778,6.7e+10,0
1779,5.1e+10,0
1780,1.6e+12,0
1781,4.5e+11,0
1782,8.4e+10,NA
1783,2.4e+11,0
1784,4.5e+11,0
1785,9.3e+10,0
1786,2.8e+11,NA
1787,1.4e+11,0
1788,7.7e+09,NA
1789,7.6e+11,0
1790,1.3e+11,NA
1791,9.4e+10,1
1792,3.7e+11,1
1793,1.4e+11,NA
1794,8.3e+10,1
1795,1.7e+11,1
1796,7.9e+10,NA
1797,-1,1
1798,5.4e+10,1
1799,1e+11,1
1800,-1,1
1801,8.9e+10,NA
1802,7.8e+11,1
1803,2e+11,1
1804,9.3e+10,NA
1805,1.5e+12,1
1806,3.7e+10,0
1807,1.2e+12,0
1808,2.3e+11,0
1809,1.6e+11,NA
1810,1.6e+11,0
1811,4.7e+11,0
1812,1.7e+08,0
1813,2.9e+11,0
1814,1.2e+11,0
1815,4e+10,0
1816,4.6e+11,0
1817,8.1e+10,0
1818,9.5e+10,0
1819,8.9e+10,0
1820,7.2e+10,0
1821,2e+11,NA
1822,1.5e+11,0
1823,4.8e+11,0
1824,9e+10,0
1825,9.7e+10,0
1826,1.5e+11,NA
1827,7.4e+10,0
1828,3e+10,0
1829,1.5e+10,NA
1830,4.3e+10,0
1831,2.2e+11,0
1832,1.2e+11,0
1833,9.8e+11,NA
1834,7.9e+09,0
1835,1.3e+08,0
1836,1.5e+10,0
1837,1e+11,0
1838,-1,0
1839,1.9e+11,NA
1840,1.3e+11,0
1841,1e+11,0
1842,1.6e+11,NA
1843,1e+10,0
1844,8.3e+10,0
1845,1.4e+11,0
1846,5.4e+10,0
1847,1.4e+10,0
1848,1.2e+11,0
1849,3e+11,0
1850,1.8e+11,0
1851,1e+12,0
1852,0,0
1853,8.1e+10,0
1854,1.2e+12,NA
1855,1.4e+11,0
1856,1e+11,0
1857,8.4e+09,0
1858,1.2e+11,0
1859,9.1e+10,0
1860,9e+10,NA
1861,1.8e+11,0
1862,6e+10,0
1863,5.3e+11,0
1864,1.2e+11,0
1865,3.3e+11,0
1866,1.2e+12,0
1867,3.6e+11,0
1868,1.5e+10,0
1869,6.8e+10,0
1870,1e+11,0
1871,1e+11,0
1872,4.2e+10,0
1873,3.8e+11,0
1874,9.7e+10,0
1875,8.3e+10,0
1876,2.4e+11,0
1877,1.3e+11,0
1878,1.4e+11,0
1879,8.4e+10,NA
1880,1.6e+11,0
1881,8.9e+10,0
1882,4.8e+11,0
1883,3e+11,0
1884,-1,0
1885,1.7e+11,NA
1886,9.6e+10,0
1887,7.1e+11,0
1888,1.2e+12,NA
1889,1.6e+10,NA
1890,1e+11,0
1891,9.6e+11,0
1892,1.4e+11,NA
1893,8.4e+11,0
1894,1.1e+11,NA
1895,1.9e+11,0
1896,1.7e+12,NA
1897,1.3e+11,0
1898,-1,0
1899,9.4e+10,0
1900,1e+11,0
1901,6.6e+10,0
1902,1.4e+10,0
1903,8e+11,0
1904,4.4e+09,NA
1905,1e+11,NA
1906,1.6e+11,0
1907,1.3e+12,0
1908,8.3e+10,0
1909,-1,0
1910,5.5e+10,0
1911,2.9e+11,0
1912,2.8e+11,0
1913,1.4e+11,0
1914,1.2e+09,0
1915,-1,NA
1916,-1,NA
1917,2.8e+11,0
1918,4.6e+10,0
1919,7.5e+11,NA
1920,1.1e+11,0
1921,3.6e+11,NA
1922,8.7e+10,0
1923,3e+11,0
1924,9.8e+10,0
1925,7.4e+10,0
1926,1.5e+11,0
1927,7.2e+10,NA
1928,1.8e+11,0
1929,9e+10,NA
1930,9.1e+11,0
1931,5.5e+11,NA
1932,1e+12,0
1933,5.8e+11,0
1934,7.6e+10,NA
1935,5.5e+11,NA
1936,1.9e+11,NA
1937,4.2e+10,0
1938,3.3e+11,0
1939,3e+11,0
1940,9.8e+10,0
1941,1.2e+11,0
1942,1.5e+09,0
1943,3.5e+10,0
1944,5.6e+09,NA
1945,1e+11,0
1946,9.5e+10,0
1947,1.8e+11,0
1948,-1,0
1949,3e+11,0
1950,1.1e+11,0
1951,1.2e+11,0
1952,-1,0
1953,9.7e+10,0
1954,-1,0
1955,8.7e+10,0
1956,0,NA
1957,3e+11,NA
1958,2.9e+08,0
1959,-1,0
1960,9e+11,0
1961,1.4e+11,NA
1962,6.3e+11,0
1963,8.2e+10,0
1964,6.2e+11,0
1965,3.8e+11,0
1966,4e+11,0
1967,1.1e+11,NA
1968,1e+12,0
1969,4.3e+11,0
1970,1.6e+11,0
1971,1.3e+11,0
1972,8.7e+10,0
1973,1.2e+11,NA
1974,1.1e+11,0
1975,1.5e+11,0
1976,1.3e+11,0
1977,5.5e+11,0
1978,7.4e+10,0
1979,2.4e+11,0
1980,1.3e+12,NA
1981,7.2e+11,0
1982,-1,0
1983,2e+11,NA
1984,8.4e+11,0
1985,4.1e+11,NA
1986,1.8e+11,NA
1987,4.3e+10,0
1988,1.2e+11,0
1989,3.9e+11,NA
1990,4.1e+11,NA
1991,-1,0
1992,-1,0
1993,6.7e+09,0
1994,3.5e+11,0
1995,1.5e+11,NA
1996,1.7e+11,0
1997,1.2e+11,0
1998,1.4e+12,0
1999,-1,0
2000,1e+12,0
2001,1.1e+11,0
2002,8.4e+10,0
2003,1.2e+12,NA
2004,9e+10,0
2005,4.9e+10,NA
2006,7.4e+10,0
2007,5.5e+10,NA
2008,1.6e+12,0
2009,9.4e+10,0
2010,-1,0
2011,1.8e+11,0
2012,1.2e+11,0
2013,4.6e+11,0
2014,-1,0
2015,2.1e+09,0
2016,1e+11,0
2017,1.7e+11,NA
2018,8.9e+09,0
2019,5.4e+11,0
2020,1.9e+11,0
2021,2.9e+11,0
2022,3.2e+11,0
2023,1.3e+12,NA
2024,1.4e+10,0
2025,9.1e+10,0
2026,9.2e+10,0
2027,8.5e+10,0
2028,7.7e+10,NA
2029,-1,0
2030,1.5e+11,0
2031,1e+11,0
2032,1.7e+11,0
2033,1.3e+11,0
2034,6.6e+10,NA
2035,8.6e+10,NA
2036,1.6e+11,0
2037,9.8e+10,0
2038,1.1e+12,NA
2039,1.7e+11,0
2040,3.6e+10,0
2041,4.3e+11,0
2042,1e+11,0
2043,1e+11,NA
2044,4.9e+09,0
2045,6.9e+08,0
2046,4.6e+10,0
2047,8.6e+10,0
2048,5.9e+10,0
2049,1.5e+09,0
2050,9.1e+11,0
2051,-1,0
2052,1.2e+12,0
2053,6.9e+09,NA
2054,7.8e+10,0
2055,4.9e+09,0
2056,1.2e+11,0
2057,1.1e+11,0
2058,8.4e+10,0
2059,8.3e+10,0
2060,1.3e+11,NA
2061,5e+10,0
2062,-1,0
2063,6.4e+10,0
2064,2.7e+11,0
2065,1.2e+11,0
2066,4.3e+11,0
2067,1.1e+11,0
2068,1.4e+11,0
2069,1.5e+09,0
2070,1.1e+12,0
2071,1.5e+11,0
2072,3.1e+11,NA
2073,6.8e+10,0
2074,1.7e+11,0
2075,-1,0
2076,1.3e+11,0
2077,2e+11,0
2078,1.4e+09,0
2079,8.7e+10,0
2080,1.5e+11,0
2081,2.1e+11,NA
2082,8.5e+10,0
2083,9.2e+10,0
2084,-1,0
2085,1.3e+11,0
2086,1.5e+11,NA
2087,1.4e+11,0
2088,1.1e+12,0
2089,1.9e+11,0
2090,1.3e+11,0
2091,5.2e+11,0
2092,2.6e+11,0
2093,5.4e+10,NA
2094,1.7e+11,0
2095,1.2e+11,0
2096,1.6e+11,0
2097,2.2e+11,0
2098,1.5e+11,0
2099,1.2e+11,0
2100,2.5e+10,0
2101,1.1e+11,0
2102,4e+11,0
2103,5.4e+10,0
2104,1.4e+11,0
2105,9e+11,0
2106,6.4e+11,0
2107,3.2e+11,0
2108,1.1e+11,0
2109,2.6e+10,0
2110,4.7e+11,0
2111,-1,NA
2112,1.1e+11,0
2113,7.6e+10,NA
2114,1.5e+11,0
2115,1.6e+11,0
2116,2.4e+11,1
2117,1.4e+11,NA
2118,1.4e+11,1
2119,4.6e+11,1
2120,1e+11,1
2121,2.8e+11,1
2122,6e+10,1
2123,8.1e+10,1
2124,6.3e+10,1
2125,1.2e+11,1
2126,1.3e+11,1
2127,8.1e+10,1
2128,3.6e+11,1
2129,1.7e+10,1
2130,9.1e+10,1
2131,-1,1
2132,1.2e+11,NA
2133,5.1e+10,1
2134,6.9e+10,0
2135,4.2e+11,0
2136,6.8e+10,0
2137,1.2e+11,0
2138,2e+09,0
2139,1.1e+12,0
2140,8.7e+11,0
2141,1.4e+11,0
2142,1.9e+11,0
2143,1.2e+11,NA
2144,7.8e+10,0
2145,1e+11,0
2146,1.2e+11,0
2147,1.3e+11,0
2148,4.5e+11,0
2149,1.5e+11,0
2150,7.1e+10,0
2151,1.3e+11,NA
2152,1.3e+11,NA
2153,5.4e+10,0
2154,1e+12,NA
2155,1e+11,NA
2156,1.3e+11,NA
2157,1.1e+12,0
2158,1.1e+12,0
2159,1.9e+11,0
2160,1.1e+12,NA
2161,9e+10,0
2162,5.8e+08,0
2163,1.9e+11,NA
2164,2.9e+10,NA
2165,9.4e+10,0
2166,1e+11,NA
2167,1.1e+11,NA
2168,4.1e+09,0
2169,2.2e+11,0
2170,1.4e+11,0
2171,1.1e+11,0
2172,4.4e+10,0
2173,-1,0
2174,2.4e+10,0
2175,3.3e+11,NA
2176,3.7e+11,NA
2177,1.4e+10,0
2178,1.1e+11,0
2179,1.9e+10,0
2180,1.3e+11,0
2181,4.6e+11,0
2182,8.9e+10,NA
2183,1.1e+12,0
2184,4.1e+09,0
2185,1.2e+09,0
2186,7e+09,0
2187,1e+09,0
2188,9e+10,0
2189,1.8e+11,0
2190,5.4e+10,0
2191,2.3e+10,0
2192,1.2e+12,0
2193,4.6e+10,0
2194,1e+12,0
2195,1.4e+11,0
2196,1e+11,NA
2197,1.7e+11,0
2198,7.9e+10,0
2199,1.5e+10,0
2200,1.3e+11,0
2201,1e+11,0
2202,1.2e+11,0
2203,3.4e+11,NA
2204,1.4e+11,0
2205,-1,0
2206,1e+11,NA
2207,-1,NA
2208,7.2e+11,0
2209,5.2e+10,0
2210,9.6e+11,0
2211,1e+11,0
2212,1.2e+09,0
2213,-1,0
2214,1.4e+11,0
2215,2e+11,0
2216,2e+12,0
2217,5.3e+09,0
2218,1e+11,0
2219,5.3e+10,0
2220,1.4e+11,0
2221,1e+11,0
2222,5.8e+10,0
2223,9.9e+10,0
2224,6.2e+11,0
2225,3.5e+10,NA
2226,9.7e+10,0
2227,1.3e+11,0
2228,7.1e+09,NA
2229,5e+10,NA
2230,3.1e+11,0
2231,4.5e+10,0
2232,1.2e+11,NA
2233,2e+11,0
2234,9.1e+10,NA
2235,1.4e+11,0
2236,2e+11,0
2237,6.1e+11,0
2238,1.3e+11,0
2239,1.7e+11,0
2240,1.4e+11,0
2241,1.5e+11,0
2242,2.9e+11,NA
2243,8.1e+10,NA
2244,8.2e+09,0
2245,2.4e+11,0
2246,8.4e+11,0
2247,7.9e+10,NA
2248,8.7e+10,0
2249,6e+11,0
2250,8.3e+10,0
2251,1.3e+11,0
2252,1.2e+11,NA
2253,9.3e+11,0
2254,1.9e+11,0
2255,8e+11,NA
2256,9.6e+10,0
2257,8.4e+10,NA
2258,1.3e+11,0
2259,1.2e+11,0
2260,8.5e+10,NA
2261,2.2e+11,0
2262,1.6e+11,0
2263,1e+11,0
2264,4.2e+09,0
2265,3.1e+11,0
2266,8e+10,0
2267,7.8e+10,0
2268,3.9e+11,NA
2269,1.6e+10,0
2270,6.2e+10,0
2271,2e+11,0
2272,9.8e+10,0
2273,3.4e+11,0
2274,1.2e+09,NA
2275,5e+10,0
2276,4.9e+11,0
2277,1.2e+11,NA
2278,2.3e+11,0
2279,1.1e+11,0
2280,9.1e+11,NA
2281,1.5e+10,0
2282,1.2e+11,0
2283,8.9e+10,0
2284,2.3e+09,0
2285,4e+11,0
2286,9.2e+09,0
2287,9.4e+10,0
2288,1.2e+11,0
2289,1.8e+12,0
2290,5.2e+10,0
2291,5.6e+10,0
2292,9.8e+10,0
2293,2.6e+09,0
2294,1e+11,0
2295,8.8e+10,0
2296,3.6e+11,0
2297,5.3e+11,NA
2298,5e+10,NA
2299,3e+11,0
2300,1e+11,0
2301,5.8e+11,0
2302,2.7e+11,0
2303,1.3e+11,NA
2304,9.1e+10,NA
2305,2.1e+11,0
2306,6.1e+10,0
2307,5.2e+11,0
2308,1.5e+11,0
2309,1.5e+11,NA
2310,1e+12,0
2311,1.2e+11,0
2312,6.4e+10,0
2313,1.1e+12,0
2314,3e+10,0
2315,4.1e+11,0
2316,1.4e+11,0
2317,1.5e+11,0
2318,1.8e+11,0
2319,1.7e+11,0
2320,1.1e+11,0
2321,-1,0
2322,6.7e+10,NA
2323,4.9e+10,0
2324,2.7e+11,0
2325,1e+10,NA
2326,9e+10,0
2327,1.1e+11,NA
2328,9e+11,0
2329,4.6e+10,0
2330,1.5e+11,0
2331,5e+10,0
2332,3e+11,0
2333,1.5e+11,0
2334,8.9e+09,0
2335,1.2e+12,NA
2336,-1,0
2337,1.1e+10,0
2338,1.9e+10,NA
2339,9.4e+09,0
2340,5.3e+10,NA
2341,1.1e+11,0
2342,3e+11,0
2343,-1,0
2344,1.2e+12,0
2345,4.8e+11,0
2346,1.4e+11,0
2347,-1,0
2348,2.6e+10,0
2349,-1,0
2350,1.9e+11,0
2351,8.5e+10,0
2352,2e+11,0
2353,7.8e+10,0
2354,1.5e+11,0
2355,9.7e+10,0
2356,1.1e+11,0
2357,1.2e+11,0
2358,9.3e+11,0
2359,9.5e+11,NA
2360,1.3e+12,NA
2361,6.7e+10,0
2362,-1,0
2363,8.1e+10,0
2364,1.3e+10,0
2365,1.4e+11,0
2366,1.3e+12,0
2367,1.2e+11,0
2368,8.1e+10,NA
2369,6.8e+10,0
2370,1.3e+11,0
2371,3e+11,0
2372,-1,0
2373,7.8e+10,0
2374,3.8e+09,0
2375,7.4e+10,0
2376,6e+11,0
2377,1.3e+11,0
2378,9.5e+10,0
2379,1.4e+11,NA
2380,1e+11,0
2381,6.4e+10,0
2382,6.4e+10,0
2383,5.3e+11,NA
2384,1.1e+12,0
2385,8e+10,0
2386,8.5e+11,NA
2387,1.4e+11,0
2388,-1,0
2389,1.1e+09,0
2390,5.3e+10,0
2391,2e+11,0
2392,5.4e+10,0
2393,4.5e+10,NA
2394,3.9e+09,0
2395,5.5e+10,0
2396,5.4e+10,0
2397,6.8e+10,0
2398,2.4e+11,0
2399,2.4e+11,NA
2400,1.4e+11,0
2401,1.1e+11,0
2402,1.2e+11,0
2403,4e+11,0
2404,1.3e+11,0
2405,5.8e+10,0
2406,1.5e+09,0
2407,1.4e+11,NA
2408,7.9e+10,NA
2409,1.9e+11,0
2410,9.5e+10,0
2411,3.7e+11,0
2412,3.9e+11,0
2413,1e+11,0
2414,9.9e+10,0
2415,8.1e+10,0
2416,2.6e+11,0
2417,7.4e+10,0
2418,-1,0
2419,9.4e+10,0
2420,2e+11,0
2421,1.6e+09,0
2422,1.1e+11,0
2423,2.1e+11,0
2424,2.3e+09,0
2425,1.4e+11,NA
2426,7.5e+10,0
2427,-1,0
2428,8.6e+10,0
2429,9.6e+10,0
2430,1.4e+11,0
2431,1.2e+11,0
2432,4.7e+10,NA
2433,7.8e+10,0
2434,-1,0
2435,1e+11,0
2436,1.8e+11,0
2437,0,NA
2438,-1,NA
2439,3.1e+11,0
2440,5.6e+11,0
2441,6.8e+10,0
2442,8.2e+10,0
2443,6.3e+11,0
2444,9.5e+10,0
2445,8.1e+10,NA
2446,4.6e+11,0
2447,4.4e+10,NA
2448,8.6e+10,0
2449,3.9e+11,0
2450,1.1e+12,0
2451,4.1e+11,NA
2452,1.4e+11,0
2453,-1,0
2454,1.1e+12,0
2455,4e+11,0
2456,2.4e+11,0
2457,1.3e+11,0
2458,1.5e+11,0
2459,1e+12,NA
2460,1.3e+11,0
2461,-1,0
2462,-1,0
2463,-1,0
2464,1.3e+11,0
2465,6.8e+11,0
2466,7.1e+10,0
2467,9.6e+10,0
2468,1.5e+11,0
2469,3.8e+10,0
2470,6.8e+10,0
2471,1.1e+11,0
2472,1.7e+08,NA
2473,1.9e+11,0
2474,2e+11,0
2475,7.5e+10,NA
2476,2e+11,NA
2477,1.3e+11,0
2478,4.7e+11,0
2479,2.4e+10,NA
2480,9.1e+09,0
2481,1.4e+11,0
2482,4e+11,0
2483,1.1e+11,0
2484,1.6e+12,NA
2485,1.2e+11,0
2486,5.1e+11,NA
2487,1.6e+11,0
2488,4.4e+10,0
2489,3.3e+11,0
2490,8.5e+10,0
2491,1e+11,0
2492,9.2e+10,0
2493,4.1e+11,NA
2494,4.5e+11,0
2495,-1,NA
2496,1.5e+11,0
2497,1.8e+11,0
2498,3.6e+11,0
2499,1.9e+10,0
2500,9.1e+10,0
2501,1.4e+12,0
2502,1.1e+12,0
2503,7.4e+10,0
2504,1.3e+12,0
2505,2.6e+09,0
2506,1.5e+11,0
2507,9e+11,0
2508,3.3e+11,0
2509,-1,NA
2510,-1,0
2511,5.2e+10,0
2512,5.6e+09,0
2513,4.1e+11,0
2514,1e+11,0
2515,9.7e+10,0
2516,9.8e+11,0
2517,5.2e+10,0
2518,1.7e+11,0
2519,1.7e+11,NA
2520,1.4e+11,0
2521,1.9e+11,NA
2522,6.5e+11,0
2523,4.1e+11,0
2524,1.3e+11,0
2525,1.1e+11,0
2526,1.3e+11,0
2527,1.8e+11,NA
2528,-1,NA
2529,1.4e+11,0
2530,7.5e+10,0
2531,8.5e+08,0
2532,1.1e+12,NA
2533,7.8e+10,0
2534,2e+11,NA
2535,1.1e+11,0
2536,9.8e+10,0
2537,2.6e+09,NA
2538,8.4e+10,0
2539,5.6e+10,0
2540,8.8e+10,0
2541,8.1e+10,0
2542,1e+11,0
2543,1.2e+11,0
2544,8.1e+10,0
2545,6.6e+10,0
2546,2.8e+11,0
2547,1.8e+11,0
2548,8.6e+09,0
2549,7.2e+10,0
2550,5.9e+10,NA
2551,9.4e+10,0
2552,1.2e+11,0
2553,1.3e+10,0
2554,9.4e+10,0
2555,6.3e+10,0
2556,-1,0
2557,1.2e+11,0
2558,-1,0
2559,2.1e+11,NA
2560,1e+12,0
