,SOP_sales_organization_NA,SOP_sales_organization_A,SOP_sales_organization_B,Reseller
1,0,65,0,0
2,0,0,18,0
3,0,12,1,0
4,0,8,1,0
5,0,1,190,0
6,0,0,35,0
7,0,171,0,0
8,0,0,10,0
9,0,0,76,0
10,0,3,3,0
11,0,12,0,NA
12,0,11,378,0
13,0,0,15,0
14,0,0,5,NA
15,0,694,0,0
16,0,4,5,0
17,0,33,26,NA
18,0,39,30,0
19,0,1,111,0
20,0,0,1,0
21,0,0,1,0
22,0,11,303,0
23,0,0,16,0
24,0,0,6,NA
25,0,4,184,0
26,0,0,38,0
27,0,0,1,0
28,0,0,46,0
29,0,0,295,0
30,0,4,0,NA
31,0,18,649,0
32,0,1,0,0
33,0,13,90,NA
34,0,19,44,0
35,0,0,1,0
36,0,11,0,0
37,0,0,6,0
38,0,0,11,0
39,0,12,111,0
40,0,1993,0,0
41,0,565,0,0
42,0,13,1,0
43,0,40,0,0
44,0,1,1,0
45,0,0,141,0
46,0,17,3,0
47,0,7,137,0
48,0,0,7,NA
49,0,12,86,0
50,0,0,1,0
51,0,0,16,NA
52,0,0,210,0
53,0,4,0,0
54,0,1624,0,0
55,0,0,12,0
56,0,56,168,0
57,0,9,417,NA
58,0,14,262,0
59,0,0,35,0
60,0,223,1161,0
61,0,0,94,0
62,0,654,0,0
63,0,0,43,NA
64,0,159,0,NA
65,0,0,1342,NA
66,0,1018,0,0
67,0,0,23,0
68,0,424,0,0
69,0,26,286,0
70,0,60,0,0
71,0,0,1,0
72,0,9,83,0
73,0,8,38,NA
74,0,6,76,0
75,0,0,16,0
76,0,2,87,0
77,0,432,0,0
78,0,0,20,0
79,0,0,96,0
80,0,0,10,0
81,0,13,17,0
82,0,0,10,0
83,0,76,446,0
84,0,29,268,NA
85,0,0,72,0
86,0,113,0,NA
87,0,0,10,NA
88,0,0,35,0
89,0,11,320,0
90,0,0,38,0
91,0,32,0,0
92,0,432,0,0
93,0,0,110,0
94,0,9,0,NA
95,0,0,8,0
96,0,120,8561,0
97,0,4,49,NA
98,0,0,27,0
99,0,0,179,0
100,0,0,1,0
101,0,75,0,NA
102,0,4,551,0
103,0,7,137,0
104,0,11,2646,0
105,0,0,1,0
106,0,49,2251,0
107,0,4,9,NA
108,0,3,0,0
109,0,0,11,0
110,0,5,47,0
111,0,212,1839,0
112,0,13,53,0
113,0,2,183,0
114,0,52,637,0
115,0,5,52,0
116,0,0,6,0
117,0,1,1010,0
118,0,1241,0,0
119,0,292,0,0
120,0,0,97,NA
121,0,10,180,NA
122,0,0,428,0
123,0,2094,0,NA
124,0,3,289,0
125,0,29,0,0
126,0,5,77,0
127,0,9,0,NA
128,0,4,44,0
129,0,80,2717,0
130,0,0,3,0
131,0,36,1785,0
132,0,1,31,0
133,0,0,2,0
134,0,3,4,0
135,0,563,0,0
136,0,8,212,0
137,0,31,903,NA
138,0,48,560,0
139,0,3,65,0
140,0,4,85,NA
141,0,78,532,0
142,0,16,81,0
143,0,0,1,NA
144,0,4,57,0
145,0,19,500,0
146,0,5,118,NA
147,0,0,4,0
148,0,0,71,0
149,0,0,179,NA
150,0,25,1010,0
151,0,1,3,0
152,0,113,0,0
153,0,0,19,0
154,0,4,206,0
155,0,0,74,NA
156,0,18,0,NA
157,0,21,1058,0
158,0,40,2,0
159,0,0,68,NA
160,0,0,4,0
161,0,10,0,0
162,0,22,148,0
163,0,11,223,0
164,0,30,780,0
165,0,0,46,0
166,0,0,59,0
167,0,0,2,0
168,0,0,35,NA
169,0,5,0,0
170,0,4,15,0
171,0,0,5,0
172,0,5,88,NA
173,0,0,9,0
174,0,0,32,0
175,0,12,0,NA
176,0,0,258,NA
177,0,10,29,0
178,0,0,15,0
179,0,0,33,0
180,0,2,1,0
181,0,1,33,NA
182,0,0,5,NA
183,0,8,419,0
184,0,0,40,0
185,0,18,0,0
186,0,0,10,0
187,0,18,1281,0
188,0,0,3,0
189,0,10,93,0
190,0,8,637,0
191,0,9,18,NA
192,0,4,34,0
193,0,7855,0,0
194,0,374,0,0
195,0,4,434,0
196,0,0,400,0
197,0,7,0,0
198,0,0,15,0
199,0,0,10,0
200,0,0,2,NA
201,0,6,15,0
202,0,1,4,0
203,0,0,2,NA
204,0,0,15,0
205,0,0,3,0
206,0,157,10,0
207,0,0,1,0
208,0,0,7,0
209,0,22,855,0
210,0,0,295,NA
211,0,0,1,0
212,0,13,2,0
213,0,4,9,0
214,0,424,904,0
215,0,0,34,0
216,0,5,2,0
217,0,8,1145,0
218,0,0,1,0
219,0,20,0,NA
220,0,22,95,NA
221,0,4,47,0
222,0,11,230,0
223,0,14,0,0
224,0,8,70,0
225,0,0,51,NA
226,0,6177,0,0
227,0,0,60,0
228,0,0,11,0
229,0,0,30,0
230,0,9,0,0
231,0,8,0,0
232,0,2,60,NA
233,0,13,2,0
234,0,0,488,0
235,0,14,262,0
236,0,0,229,NA
237,0,0,1,0
238,0,14,329,0
239,0,0,1,0
240,0,32,0,NA
241,0,2,1,NA
242,0,0,77,0
243,0,8,20,0
244,0,102,0,0
245,0,0,11,0
246,0,12,46,NA
247,0,0,27,0
248,0,8,97,NA
249,0,17,0,0
250,0,0,7,0
251,0,1,15,0
252,0,7,3,0
253,0,7,16,0
254,0,0,35,0
255,0,0,80,0
256,0,0,28,0
257,0,0,3,NA
258,0,13,322,0
259,0,11,0,0
260,0,0,2,0
261,0,10,1,NA
262,0,1275,0,0
263,0,42,13,0
264,0,0,38,NA
265,0,905,0,0
266,0,0,14,NA
267,0,0,12,0
268,0,5,436,0
269,0,178,29,0
270,0,66,3,0
271,0,14,340,0
272,0,36,1785,0
273,0,0,28,0
274,0,1,0,0
275,0,96,1147,0
276,0,7,291,0
277,0,1,38,0
278,0,265,0,0
279,0,52,40,0
280,0,1624,0,0
281,0,3,1508,0
282,0,2,110,NA
283,0,6518,0,0
284,0,6,497,0
285,0,15,134,NA
286,0,1,111,NA
287,0,14,90,0
288,0,106,5019,0
289,0,21,2525,0
290,0,0,1,0
291,0,0,73,0
292,0,416,0,NA
293,0,46,0,0
294,0,37,202,0
295,0,0,20,NA
296,0,3697,0,0
297,0,20,628,NA
298,0,2449,0,NA
299,0,5,527,0
300,0,0,7,0
301,0,9,731,0
302,0,0,12,NA
303,0,8,1,0
304,0,18,2418,0
305,0,0,25,0
306,0,0,3,0
307,0,40,0,0
308,0,71,0,0
309,0,5,2,0
310,0,22,47,0
311,0,2,171,NA
312,0,1331,0,0
313,0,4,33,0
314,0,0,8,NA
315,0,37,202,0
316,0,0,430,0
317,0,0,15,0
318,0,9,0,0
319,0,5,1,0
320,0,576,0,0
321,0,793,0,0
322,0,101,2320,0
323,0,0,145,0
324,0,19,139,0
325,0,0,63,NA
326,0,3,4,0
327,0,2927,0,0
328,0,16,81,NA
329,0,13,241,0
330,0,155,279,0
331,0,0,10,0
332,0,21303,0,0
333,0,22,778,0
334,0,0,79,0
335,0,0,11,0
336,0,0,21,0
337,0,144,4813,0
338,0,0,9,0
339,0,11,441,0
340,0,26,378,0
341,0,8,399,0
342,0,0,1,0
343,0,0,3,NA
344,0,0,2,NA
345,0,36,1785,0
346,0,5,101,0
347,0,95,702,0
348,0,0,17,0
349,0,4,35,NA
350,0,8,154,0
351,0,9,0,0
352,0,6,52,0
353,0,4,122,0
354,0,0,15,0
355,0,151,4608,NA
356,0,7,51,0
357,0,1,1010,0
358,0,0,244,0
359,0,1,102,0
360,0,6,30,0
361,0,599,0,0
362,0,171,4589,NA
363,0,19,1482,0
364,0,42,506,0
365,0,9309,0,0
366,0,35,116,0
367,0,4,44,0
368,0,2,59,0
369,0,9,241,NA
370,0,0,38,0
371,0,0,1,NA
372,0,109,0,NA
373,0,0,3,NA
374,0,98,41,0
375,0,0,26,0
376,0,0,3,0
377,0,8,1145,0
378,0,0,50,0
379,0,158,4759,0
380,0,0,236,NA
381,0,89,1578,1
382,0,2,0,0
383,0,10,31,0
384,0,0,18,0
385,0,4,28,0
386,0,40,0,NA
387,0,0,25,0
388,0,12,0,0
389,0,6,31,NA
390,0,48,2,NA
391,0,0,20,0
392,0,6,0,0
393,0,4,865,0
394,0,0,4,0
395,0,0,2,NA
396,0,92,0,NA
397,0,0,10,0
398,0,1,101,NA
399,0,6,96,0
400,0,6742,0,0
401,0,2027,0,0
402,0,77,4528,0
403,0,1,11,NA
404,0,11,1051,0
405,0,5,4,0
406,0,134,0,0
407,0,4,168,0
408,0,3,2,NA
409,0,7,0,0
410,0,32,1570,0
411,0,28,1,0
412,0,0,7,0
413,0,81,259,NA
414,0,0,258,NA
415,0,0,12,0
416,0,2,6,0
417,0,48,2,0
418,0,13,496,0
419,0,10,85,NA
420,0,0,141,0
421,0,7,946,NA
422,0,5,1,0
423,0,793,0,NA
424,0,0,7,0
425,0,9,157,0
426,0,89,1578,0
427,0,0,24,0
428,0,0,145,0
429,0,14,262,0
430,0,0,249,0
431,0,0,1,0
432,0,41,164,0
433,0,0,51,0
434,0,19,1482,0
435,0,0,15,0
436,0,4,45,0
437,0,0,2,0
438,0,58,0,0
439,0,0,1,NA
440,0,0,9,0
441,0,4,253,0
442,0,18,1,0
443,0,0,52,0
444,0,27,0,NA
445,0,0,3259,1
446,0,0,77,0
447,0,2,0,0
448,0,11,344,0
449,0,0,31,0
450,0,0,1,0
451,0,0,6,NA
452,0,2,290,0
453,0,4,0,0
454,0,4,698,0
455,0,0,16,0
456,0,6,229,0
457,0,14,169,0
458,0,4,14,0
459,0,0,2,0
460,0,0,8,0
461,0,0,6,0
462,0,88,944,0
463,0,0,1,NA
464,0,8,29,0
465,0,7,291,NA
466,0,4,0,0
467,0,0,400,0
468,0,14,475,NA
469,0,0,24,0
470,0,1,2,0
471,0,0,3,0
472,0,3,2,0
473,0,14,44,0
474,0,0,5,0
475,0,0,48,0
476,0,0,8,0
477,0,0,1,0
478,0,40,0,0
479,0,0,33,NA
480,0,13,496,0
481,0,25,566,0
482,0,0,3,NA
483,0,0,5,0
484,0,0,2,0
485,0,0,1,0
486,0,63,62,NA
487,0,13,1,NA
488,0,0,2,0
489,0,1,0,0
490,0,4,698,0
491,0,0,50,0
492,0,0,29,0
493,0,7,3898,0
494,0,171,0,NA
495,0,0,75,0
496,0,0,10,NA
497,0,3,0,NA
498,0,59,872,0
499,0,0,177,0
500,0,0,258,0
501,0,0,101,0
502,0,0,45,NA
503,0,4,263,NA
504,0,0,7,0
505,0,2,6,1
506,0,0,1,0
507,0,0,15,0
508,0,0,10,0
509,0,120,8561,0
510,0,0,62,NA
511,0,0,5,0
512,0,29,268,0
513,0,6,282,0
514,0,0,7,0
515,0,36,6,0
516,0,0,1,0
517,0,0,1,0
518,0,0,34,0
519,0,20,0,NA
520,0,0,3,0
521,0,0,1,NA
522,0,0,51,NA
523,0,0,2,0
524,0,8,11,0
525,0,12,0,0
526,0,33,0,0
527,0,91,0,0
528,0,5,1,1
529,0,75,586,1
530,0,11,20,1
531,0,0,16,1
532,0,198,5045,NA
533,0,0,8,1
534,0,156,3474,1
535,0,20,362,1
536,0,18,852,1
537,0,0,2,1
538,0,20,62,NA
539,0,0,145,1
540,0,182,759,1
541,0,8,17527,1
542,0,0,220,1
543,0,4,116,1
544,0,0,586,1
545,0,3,1740,1
546,0,0,25,1
547,0,0,1,1
548,0,0,21,1
549,0,6177,0,0
550,0,0,5,0
551,0,32,12017,0
552,0,1,15,0
553,0,0,110,0
554,0,16,116,NA
555,0,57,1895,0
556,0,0,10,0
557,0,0,45,0
558,0,0,3,0
559,0,0,3,0
560,0,10,1850,NA
561,0,0,1,0
562,0,0,116,0
563,0,2,0,NA
564,0,26,0,0
565,0,0,2,0
566,0,0,63,0
567,0,4,37,0
568,0,0,1,0
569,0,3,3,0
570,0,9,0,0
571,0,0,35,0
572,0,15,89,NA
573,0,4,7,0
574,0,0,1,0
575,0,0,333,0
576,0,0,353,0
577,0,0,4,0
578,0,11,60,0
579,0,42,2090,0
580,0,1,247,0
581,0,0,10,0
582,0,3,196,0
583,0,1217,0,0
584,0,0,9,0
585,0,0,1,0
586,0,0,2,0
587,0,0,71,0
588,0,264,0,0
589,0,14,340,0
590,0,518,0,0
591,0,4,199,0
592,0,0,4,0
593,0,17,3841,0
594,0,26,1792,0
595,0,0,2,0
596,0,0,8,0
597,0,0,163,0
598,0,1,9,NA
599,0,1,8,0
600,0,24,1838,0
601,0,17,20,NA
602,0,0,1,0
603,0,0,2,0
604,0,0,38,NA
605,0,0,1,0
606,0,0,10,0
607,0,9309,0,NA
608,0,0,1,0
609,0,7,3,0
610,0,66,3,0
611,0,0,1,0
612,0,0,1,0
613,0,2,26,0
614,0,0,3,NA
615,0,1,17,0
616,0,16,69,0
617,0,0,68,0
618,0,0,35,0
619,0,7,0,0
620,0,12,296,0
621,0,0,58,0
622,0,0,8,0
623,0,98,41,0
624,0,6,10,0
625,0,0,2,NA
626,0,0,1,NA
627,0,0,15,0
628,0,0,73,NA
629,0,0,10,0
630,0,0,16,NA
631,0,20,628,0
632,0,0,8,0
633,0,42,506,NA
634,0,67,0,0
635,0,1,33,0
636,0,7,0,NA
637,0,0,6,NA
638,0,14,42,NA
639,0,1,0,NA
640,0,94,392,1
641,0,0,11,NA
642,0,12,93,1
643,0,1508,24871,1
644,0,356,4221,NA
645,0,5,1,1
646,0,0,1,1
647,0,3,3,NA
648,0,285,3468,1
649,0,0,4,1
650,0,2,1,1
651,0,374,0,1
652,0,0,1,1
653,0,0,2017,1
654,0,0,74,1
655,0,292,0,1
656,0,2,62,1
657,0,0,15,1
658,0,0,1,NA
659,0,1,0,0
660,0,2,0,NA
661,0,79,2311,0
662,0,21,2,0
663,0,1,169,0
664,0,0,2,0
665,0,0,7,0
666,0,0,4,0
667,0,2,180,0
668,0,23,3256,0
669,0,29,0,0
670,0,21,11,0
671,0,24,0,0
672,0,0,17,0
673,0,0,25,0
674,0,174,4886,0
675,0,40,2259,NA
676,0,3,65,0
677,0,44,0,0
678,0,9,2,0
679,0,0,1,0
680,0,0,9,0
681,0,11,2646,0
682,0,24,1,0
683,0,0,1,0
684,0,0,38,NA
685,0,14,234,0
686,0,0,7,NA
687,0,7,39,0
688,0,0,41,NA
689,0,0,1,0
690,0,3,0,0
691,0,0,12,0
692,0,0,42,0
693,0,0,12,0
694,0,654,0,0
695,0,0,16,NA
696,0,0,44,0
697,0,0,1,0
698,0,27,1168,0
699,0,3,3,NA
700,0,1,190,0
701,0,1408,0,0
702,0,0,1,NA
703,0,1,88,NA
704,0,2,4,0
705,0,0,25,0
706,0,2377,0,0
707,0,9,12,0
708,0,0,28,0
709,0,211,4063,0
710,0,17,101,0
711,0,48,293,0
712,0,0,31,0
713,0,0,14,NA
714,0,31,339,0
715,0,16,59,0
716,0,40,0,0
717,0,54,0,0
718,0,1,372,NA
719,0,986,0,0
720,0,40,2,0
721,0,0,27,0
722,3,5467,0,0
723,0,11,0,0
724,5,58,242,0
725,0,0,6,0
726,0,3,0,0
727,0,46,0,0
728,0,11,223,0
729,0,20,242,0
730,0,0,9,0
731,0,1,10,0
732,0,0,12,0
733,0,0,1,0
734,0,0,10,0
735,0,3860,0,0
736,0,6,31,0
737,0,41,10,0
738,0,33,14,0
739,0,3336,0,NA
740,0,3,306,0
741,0,4,530,0
742,0,3,4,0
743,0,0,1,NA
744,0,42,709,0
745,0,0,45,NA
746,0,5,0,0
747,0,58,44,NA
748,0,0,7,0
749,0,19,112,0
750,0,10,246,NA
751,0,10,0,0
752,0,0,16,0
753,0,0,1,NA
754,0,0,16,0
755,0,151,4608,0
756,0,4,45,0
757,0,0,2,NA
758,0,2721,0,0
759,0,0,2,0
760,0,23,0,0
761,0,9,122,0
762,0,0,5,0
763,0,0,1,0
764,0,0,95,0
765,0,3,9,0
766,0,13,76,0
767,0,0,13,NA
768,0,0,41,0
769,0,0,1,0
770,0,71,121,NA
771,0,1451,0,0
772,0,2,158,0
773,0,0,108,0
774,0,0,13,0
775,0,5,961,NA
776,0,50,0,0
777,0,2281,0,0
778,0,7,134,0
779,0,367,47,NA
780,0,6,643,0
781,0,2,2,0
782,0,10,0,0
783,0,0,36,NA
784,0,0,386,0
785,0,0,99,0
786,0,13,54,0
787,0,0,6,NA
788,0,44,207,0
789,0,45,5,0
790,0,0,8,0
791,0,52,637,0
792,0,89,1578,0
793,0,14,601,NA
794,0,9,122,0
795,0,199,2463,0
796,0,2,26,0
797,0,0,69,0
798,0,8,23,0
799,0,6,3,0
800,0,185,0,0
801,0,1,142,0
802,0,6,74,0
803,0,4,50,0
804,0,20,14,0
805,0,1408,0,0
806,0,75,1520,0
807,0,816,0,0
808,0,71,474,0
809,0,0,225,0
810,0,8,78,0
811,0,8,5,0
812,0,2,0,0
813,0,4,7,NA
814,0,17,14,0
815,0,0,131,NA
816,0,10,11,0
817,0,0,68,0
818,0,3,92,0
819,0,13,107,0
820,0,20,54,0
821,0,11,1250,0
822,0,0,59,0
823,0,0,30,0
824,0,0,5,0
825,0,15,3,0
826,0,0,86,0
827,0,0,76,0
828,0,22,778,0
829,0,4,0,0
830,0,9,2,0
831,0,0,1,0
832,0,0,62,0
833,0,0,2,0
834,0,5,169,NA
835,0,2,155,0
836,0,43,0,0
837,0,0,1,0
838,0,15,399,0
839,0,3,794,0
840,0,26,120,0
841,0,0,18,0
842,0,4,17,0
843,0,13,76,0
844,0,0,178,NA
845,0,3,95,0
846,0,15,236,0
847,0,1,11,NA
848,0,0,35,0
849,0,0,72,0
850,0,8,154,NA
851,0,3,1,NA
852,0,0,5,NA
853,0,10,29,0
854,0,21303,0,0
855,0,0,10,NA
856,0,6,252,0
857,0,2721,0,0
858,0,41,397,0
859,0,18,91,0
860,0,22,58,0
861,0,0,2,NA
862,0,0,2,0
863,0,0,306,0
864,0,9309,0,0
865,0,1331,0,0
866,0,71,121,NA
867,0,5,130,0
868,0,0,3,0
869,0,12,86,0
870,0,1451,0,NA
871,0,1,1,0
872,0,88,944,0
873,0,8,41,0
874,0,0,3,0
875,0,0,1,NA
876,0,6,74,0
877,0,0,68,0
878,0,0,2,0
879,0,25,942,0
880,0,4,0,NA
881,0,22,628,NA
882,0,98,41,0
883,0,16,0,NA
884,0,4,206,0
885,0,15,0,0
886,0,0,8,0
887,0,0,9,0
888,0,0,124,0
889,0,0,1,NA
890,0,25,0,0
891,0,0,3,0
892,0,0,12,0
893,0,0,76,0
894,0,0,554,0
895,0,24,1,0
896,0,0,109,0
897,0,5,130,0
898,0,0,1,0
899,0,6177,0,0
900,0,14,262,0
901,0,4,3,NA
902,0,0,3,0
903,0,5,31,0
904,0,6,126,0
905,0,0,400,0
906,0,0,68,0
907,0,1,1,0
908,0,0,107,0
909,0,0,15,0
910,0,158,4759,0
911,0,0,1,0
912,0,5,295,NA
913,0,8,105,0
914,0,0,196,0
915,0,8,47,0
916,0,0,3789,0
917,0,0,5,0
918,0,0,5,0
919,0,10,180,0
920,0,56,168,NA
921,0,2,10,0
922,0,60,0,0
923,0,6,74,0
924,0,14,47,0
925,0,0,43,0
926,0,13,272,0
927,0,565,0,NA
928,0,0,1,0
929,0,27,1584,NA
930,0,20,46,0
931,0,0,3,0
932,0,16,1475,NA
933,0,50,2406,NA
934,0,0,4,0
935,0,0,179,0
936,0,0,1,0
937,0,8,276,0
938,0,0,1,0
939,0,0,30,0
940,0,0,3,1
941,0,3,0,0
942,0,9,0,0
943,0,0,4,NA
944,0,0,29,0
945,0,1,23,0
946,0,4,301,0
947,1,72,806,0
948,0,0,2,0
949,0,2,1,0
950,0,9,1,0
951,1,4,130,0
952,0,22,664,NA
953,0,25,942,0
954,0,28,753,NA
955,0,0,110,0
956,0,0,2,0
957,0,0,24,0
958,0,17,1083,0
959,0,4,21,NA
960,0,0,1,0
961,0,0,5,0
962,0,0,179,0
963,0,4,168,NA
964,0,0,4,NA
965,0,0,1,NA
966,0,0,1,NA
967,0,0,8,0
968,0,1,3,0
969,0,0,3,0
970,0,816,0,0
971,0,0,1,0
972,0,4,184,0
973,0,0,3,NA
974,0,0,5,0
975,0,12,1,0
976,0,0,7,0
977,0,4,49,0
978,0,1,0,NA
979,0,494,0,NA
980,0,5,313,1
981,0,3,70,1
982,0,3,9,1
983,0,0,353,1
984,0,421,7532,1
985,0,17,3841,1
986,0,0,76,1
987,0,0,2799,1
988,0,4,57,1
989,0,0,4,1
990,0,24,1,1
991,0,56,168,1
992,0,0,2,NA
993,0,5,158,1
994,0,5,47,1
995,0,8,107,0
996,0,1,1,NA
997,0,1,0,0
998,0,0,18,0
999,0,47,0,0
1000,0,0,30,0
1001,0,71,474,0
1002,0,6,229,0
1003,0,4,47,NA
1004,0,0,46,0
1005,0,5,54,0
1006,0,0,22,NA
1007,0,14,31,0
1008,0,2,307,0
1009,0,35,170,0
1010,0,0,15,0
1011,0,66,3,NA
1012,0,28,915,0
1013,0,0,133,0
1014,0,0,12,0
1015,0,1,13,0
1016,0,0,11,0
1017,0,0,3,0
1018,0,0,14,0
1019,0,0,6,NA
1020,0,2,171,0
1021,0,4,14,0
1022,0,0,7,0
1023,0,356,4221,NA
1024,0,82,0,0
1025,0,0,6,0
1026,0,8,0,0
1027,0,0,8,0
1028,0,0,551,0
1029,0,0,1,0
1030,0,91,129,NA
1031,0,0,27,0
1032,0,3,7,0
1033,0,14,0,0
1034,0,24,9,NA
1035,0,3,0,NA
1036,0,4,515,0
1037,0,0,64,0
1038,0,9,18,0
1039,0,0,6,0
1040,0,0,3,0
1041,0,0,110,0
1042,0,76,446,NA
1043,0,4,0,0
1044,0,108,594,0
1045,0,11,80,NA
1046,0,4,19,0
1047,0,0,24,0
1048,0,0,10,0
1049,0,18,649,0
1050,0,14,3,0
1051,0,275,7,0
1052,0,1,22,0
1053,0,4,5,0
1054,0,22,341,0
1055,0,6,3,NA
1056,0,16,842,0
1057,0,21,307,0
1058,0,5,101,0
1059,0,0,6,NA
1060,0,11,144,0
1061,0,0,1,0
1062,0,0,15,0
1063,0,0,18,NA
1064,0,18,1281,0
1065,0,29,926,0
1066,0,14,169,NA
1067,0,1018,0,0
1068,0,5,129,0
1069,0,0,18,0
1070,0,0,3789,0
1071,0,0,10,0
1072,0,20,1275,0
1073,0,63,1,NA
1074,0,20,362,0
1075,0,3,528,0
1076,0,42,13,0
1077,0,16,69,0
1078,0,2,2,NA
1079,0,376,0,0
1080,0,0,1,0
1081,0,9,700,0
1082,0,22,664,0
1083,0,11,490,NA
1084,0,0,2,0
1085,0,17,423,0
1086,0,1,33,NA
1087,0,27,1584,0
1088,0,10,499,0
1089,0,5,44,0
1090,0,5,130,0
1091,0,30,85,0
1092,0,0,141,0
1093,0,0,3,NA
1094,0,1,128,0
1095,0,2,158,0
1096,0,0,1,0
1097,0,10,93,NA
1098,0,576,0,NA
1099,0,30,3384,0
1100,0,0,4,0
1101,0,0,77,1
1102,0,165,2844,0
1103,0,39,248,NA
1104,0,0,38,0
1105,0,6,196,0
1106,0,2,158,0
1107,0,1,14,0
1108,0,7,638,0
1109,0,19,139,0
1110,1,72,806,0
1111,0,6,31,0
1112,0,0,51,0
1113,0,4,0,0
1114,0,0,1,0
1115,0,0,38,0
1116,0,0,1,0
1117,0,0,7,NA
1118,0,13,54,NA
1119,0,0,1,0
1120,0,2027,0,0
1121,0,0,18,0
1122,0,96,1147,0
1123,0,0,13,0
1124,0,0,40,0
1125,0,0,32,0
1126,0,56,168,0
1127,0,33,2683,NA
1128,0,6,0,1
1129,0,3,44,0
1130,0,0,2,0
1131,0,4,0,0
1132,0,2,171,0
1133,0,48,560,NA
1134,0,2063,0,0
1135,0,30,780,0
1136,0,4,7,0
1137,0,28,19,0
1138,0,0,3,0
1139,0,0,2,0
1140,0,50,2406,0
1141,0,76,446,0
1142,0,88,944,0
1143,0,7,19,NA
1144,0,33,2683,0
1145,0,0,6,0
1146,0,0,6,0
1147,0,0,41,0
1148,0,6,104,0
1149,0,5,139,0
1150,0,0,22,0
1151,0,24,1838,NA
1152,0,21,2,NA
1153,0,0,1,0
1154,0,0,1,0
1155,0,0,30,0
1156,0,1981,0,0
1157,0,0,229,0
1158,0,0,20,0
1159,0,0,10,NA
1160,0,16,353,0
1161,0,0,92,0
1162,0,0,31,NA
1163,0,4,14,0
1164,0,0,15,0
1165,0,9,2,0
1166,0,52,173,0
1167,0,0,105,0
1168,0,0,71,0
1169,0,7,137,0
1170,0,5,306,0
1171,0,101,1188,NA
1172,0,0,62,0
1173,0,0,7,0
1174,0,7,3898,0
1175,0,3,0,0
1176,0,0,1,0
1177,0,1,47,0
1178,0,6,141,NA
1179,0,10,49,0
1180,0,0,141,0
1181,0,485,0,0
1182,0,0,25,0
1183,0,3,28,0
1184,0,12,0,NA
1185,0,1,9,0
1186,0,0,10,NA
1187,0,2,51,0
1188,0,6,0,0
1189,0,75,1520,0
1190,0,25,942,0
1191,0,0,10,0
1192,0,0,7,0
1193,0,1,189,0
1194,0,0,8,0
1195,0,2,0,0
1196,0,8,38,0
1197,0,89,1578,0
1198,0,0,10,0
1199,0,0,16,NA
1200,0,0,8,NA
1201,0,8,8930,0
1202,0,0,24,NA
1203,0,31,339,0
1204,0,0,1,0
1205,0,23,303,0
1206,0,3,306,0
1207,0,9,0,0
1208,0,0,1,0
1209,0,2063,0,0
1210,0,0,2,0
1211,0,12,0,0
1212,0,4,515,NA
1213,0,14,0,0
1214,0,0,23,0
1215,0,0,59,0
1216,0,0,3,0
1217,0,3,190,NA
1218,0,8,75,0
1219,0,0,4,NA
1220,0,50,82,NA
1221,0,21,49,0
1222,0,0,1,NA
1223,0,0,5,0
1224,0,0,45,0
1225,0,0,45,0
1226,0,0,14,NA
1227,0,8,1,1
1228,0,0,6,0
1229,0,9,1,0
1230,0,45,3,0
1231,0,4,301,0
1232,0,0,23,0
1233,0,2,210,0
1234,0,5,77,0
1235,0,0,1,0
1236,0,0,12,NA
1237,0,21,2525,0
1238,0,0,4,NA
1239,0,7,0,NA
1240,0,0,4,0
1241,0,14,90,0
1242,0,2,161,0
1243,0,12,75,NA
1244,0,0,1,0
1245,0,3,191,0
1246,0,0,19,0
1247,0,2,140,0
1248,0,469,0,0
1249,0,0,2,0
1250,0,0,8,NA
1251,0,2,0,0
1252,0,31,903,0
1253,0,0,10,0
1254,0,19,112,0
1255,0,0,203,0
1256,0,0,3,0
1257,0,19,1482,NA
1258,0,0,11,0
1259,0,50,2406,0
1260,0,2,110,0
1261,0,2,83,NA
1262,0,3,1,0
1263,0,17,0,0
1264,0,17,423,0
1265,0,0,14,0
1266,0,0,1,0
1267,0,0,14,0
1268,0,0,15,0
1269,0,18,0,0
1270,0,0,6,0
1271,0,0,2,0
1272,0,0,2,0
1273,0,0,64,0
1274,0,0,1,0
1275,0,0,28,NA
1276,0,171,4589,0
1277,0,0,41,0
1278,0,0,4,0
1279,0,0,26,0
1280,0,31,339,0
1281,0,5,18,0
1282,0,0,7,0
1283,0,0,4,0
1284,0,1,102,0
1285,0,8,17527,NA
1286,0,0,2,1
1287,0,1,7,1
1288,0,0,3,1
1289,0,0,11,1
1290,0,71,0,1
1291,0,6,108,1
1292,0,0,10,1
1293,0,0,3,1
1294,0,0,68,NA
1295,0,265,0,1
1296,0,4,45,1
1297,0,5,169,1
1298,0,518,9015,NA
1299,0,27,677,1
1300,0,0,20,1
1301,1,0,18,1
1302,0,0,948,1
1303,0,24,1838,1
1304,0,0,1,1
1305,0,0,148,1
1306,0,35,170,1
1307,0,3,190,0
1308,0,0,25,0
1309,0,2,0,0
1310,0,1,0,0
1311,0,174,4886,0
1312,0,1,120,NA
1313,0,0,3,0
1314,0,2,0,NA
1315,0,4,37,NA
1316,0,0,1,0
1317,0,4,38,0
1318,0,0,285,0
1319,0,416,0,0
1320,0,0,1,0
1321,0,0,190,0
1322,0,0,1,NA
1323,0,14,529,0
1324,0,0,179,0
1325,0,6,104,NA
1326,0,111,2130,0
1327,0,0,86,0
1328,0,2,6,0
1329,0,0,4,NA
1330,0,17,1083,0
1331,0,0,15,NA
1332,0,8,2,0
1333,0,0,1,NA
1334,0,0,12,NA
1335,0,0,3,NA
1336,0,67,0,0
1337,0,16,81,0
1338,0,18,0,0
1339,0,32,1570,0
1340,0,10,0,0
1341,0,8,1,NA
1342,0,0,12,0
1343,0,13,29,0
1344,0,5,18,0
1345,0,10,4,NA
1346,0,9,241,0
1347,0,50,82,0
1348,0,4,13,0
1349,0,4,0,0
1350,0,18,9,0
1351,0,1,0,0
1352,0,25,1010,0
1353,0,7,6,0
1354,0,4,34,0
1355,0,15,0,0
1356,0,0,4,NA
1357,0,290,0,0
1358,0,0,3,0
1359,0,2721,0,0
1360,0,6518,0,0
1361,0,18,2,0
1362,0,11,344,0
1363,0,374,0,NA
1364,0,1,0,0
1365,0,0,59,NA
1366,0,0,3,1
1367,0,4,5365,1
1368,0,75,586,1
1369,0,8,107,1
1370,0,0,76,1
1371,0,66,3,1
1372,0,11,20,1
1373,0,0,20,1
1374,0,11,53,1
1375,0,7,137,NA
1376,0,264,2102,1
1377,0,16,184,1
1378,0,0,1,1
1379,0,0,1,1
1380,0,0,148,1
1381,0,0,3285,NA
1382,0,0,33,NA
1383,0,18,1281,1
1384,0,9,0,1
1385,0,0,9,1
1386,0,0,1,1
1387,0,0,1,NA
1388,0,156,3474,0
1389,0,131,0,0
1390,0,0,5,0
1391,0,4,184,0
1392,0,10,81,0
1393,0,4,118,0
1394,0,1,48,0
1395,0,1,9,0
1396,0,0,4,0
1397,0,36,0,NA
1398,0,15,134,0
1399,0,0,36,0
1400,0,6707,0,NA
1401,0,11,95,NA
1402,0,76,446,NA
1403,0,8,304,0
1404,0,0,2,0
1405,0,0,6,0
1406,0,30,7,0
1407,0,7,252,NA
1408,0,12,1,0
1409,0,111,2130,0
1410,0,0,8,0
1411,0,4,551,NA
1412,0,1,18,0
1413,0,32,12017,0
1414,0,6,7,0
1415,0,63,1,0
1416,0,1,88,0
1417,0,13,645,0
1418,0,18,649,0
1419,0,40,0,NA
1420,0,0,4,0
1421,0,5,0,NA
1422,0,0,7,0
1423,0,0,35,0
1424,0,0,177,0
1425,0,4,5365,NA
1426,0,31,339,0
1427,0,1,28,0
1428,0,3,0,0
1429,0,0,240,0
1430,0,28,0,0
1431,0,13,496,0
1432,0,26,120,NA
1433,0,24,122,NA
1434,0,905,0,NA
1435,0,0,4,0
1436,0,0,24,0
1437,0,0,15,0
1438,0,0,225,0
1439,0,22,148,0
1440,0,2,161,0
1441,0,10,1,0
1442,0,59,872,0
1443,0,48,293,0
1444,0,787,0,0
1445,0,0,6,0
1446,0,65,0,0
1447,0,13,38,0
1448,0,12,0,0
1449,0,40,2259,0
1450,0,96,1147,0
1451,0,0,4,0
1452,0,14,340,0
1453,0,0,8,0
1454,0,12,2856,0
1455,0,1,2,0
1456,0,14,44,0
1457,0,734,0,NA
1458,0,4,21,0
1459,0,4,0,0
1460,0,30,85,NA
1461,0,128,10,0
1462,0,0,244,NA
1463,0,12,229,NA
1464,0,5,527,NA
1465,0,9,54,0
1466,5,58,242,0
1467,0,36,8,NA
1468,0,4,0,0
1469,0,24,1774,0
1470,0,0,1,0
1471,0,0,18,0
1472,0,6,135,0
1473,0,6,282,NA
1474,0,182,759,0
1475,0,6177,0,0
1476,0,36,0,NA
1477,0,1,6,0
1478,0,0,8,NA
1479,0,0,94,0
1480,0,5,9,0
1481,0,1,26,0
1482,0,0,18,0
1483,0,28,966,0
1484,0,5,153,NA
1485,0,2449,0,0
1486,0,4,759,NA
1487,0,1,19,0
1488,0,42,2090,0
1489,0,3,1508,0
1490,0,0,35,0
1491,0,1,35,NA
1492,0,11,223,0
1493,0,0,2,0
1494,0,2,0,NA
1495,0,7855,0,0
1496,0,3,1306,0
1497,0,0,18,0
1498,0,30,7,0
1499,0,0,5,0
1500,0,21,333,0
1501,0,13,645,0
1502,0,6,10,NA
1503,0,11,95,0
1504,0,184,58,0
1505,0,518,0,0
1506,0,0,1,NA
1507,0,0,4,0
1508,0,17,3,0
1509,0,5,0,NA
1510,0,11,80,0
1511,0,0,1,NA
1512,0,40,923,0
1513,0,0,1,0
1514,0,0,6,0
1515,0,4,265,0
1516,0,0,179,0
1517,0,0,3,0
1518,0,221,0,0
1519,0,11,2646,NA
1520,0,0,21,0
1521,0,9,157,0
1522,0,41,3,0
1523,0,31,29,0
1524,0,76,446,0
1525,0,3,191,0
1526,0,0,5,0
1527,0,0,2,0
1528,0,0,145,NA
1529,0,0,51,NA
1530,0,3,2,0
1531,0,5,54,0
1532,0,1,58,NA
1533,0,0,4,0
1534,0,26,286,NA
1535,0,2094,0,NA
1536,0,0,57,0
1537,0,8,12,0
1538,0,0,20,0
1539,0,1,6,0
1540,0,2,1,NA
1541,0,4,33,0
1542,0,0,1,0
1543,0,1,2,0
1544,0,22,27,0
1545,0,0,25,0
1546,0,17,855,0
1547,0,376,0,0
1548,0,0,3,0
1549,0,157,936,0
1550,0,0,1,NA
1551,0,0,5,NA
1552,0,1359,0,NA
1553,0,18,649,0
1554,0,4,116,NA
1555,0,13,496,NA
1556,0,0,5,0
1557,0,11,0,0
1558,0,0,68,0
1559,0,58,0,NA
1560,0,0,7,0
1561,0,0,16,0
1562,0,0,36,0
1563,0,3,2,0
1564,0,5,62,0
1565,0,0,4,0
1566,0,22,664,NA
1567,0,0,28,NA
1568,0,13,70,0
1569,0,5,88,0
1570,0,0,611,0
1571,0,33,26,NA
1572,0,6,15,0
1573,0,7,32,0
1574,0,29,926,0
1575,0,0,40,0
1576,0,0,11,0
1577,0,26,889,0
1578,0,15,0,0
1579,0,0,52,0
1580,0,1,0,0
1581,0,6,140,0
1582,1,1125,0,0
1583,0,17,20,0
1584,0,0,6,0
1585,0,0,1,NA
1586,0,0,15,0
1587,0,4,53,0
1588,0,0,148,0
1589,0,4,85,NA
1590,0,8,0,NA
1591,0,0,11,NA
1592,0,23,1202,0
1593,0,14,1,0
1594,0,35,124,0
1595,0,33,0,0
1596,0,0,225,NA
1597,0,144,4813,0
1598,0,3,0,0
1599,0,44,207,0
1600,0,2,154,0
1601,0,92,0,0
1602,0,0,13,NA
1603,0,0,9,0
1604,0,10,0,0
1605,0,0,28,NA
1606,0,34,0,0
1607,0,4,357,0
1608,0,1,243,NA
1609,0,0,60,NA
1610,0,1,1010,0
1611,0,40,0,NA
1612,0,8,70,0
1613,0,5,51,0
1614,0,0,586,NA
1615,0,11,0,0
1616,0,0,50,NA
1617,0,0,18,0
1618,0,0,109,0
1619,0,0,2,0
1620,0,0,12,0
1621,0,3,49,NA
1622,0,76,1530,0
1623,0,1,1,NA
1624,0,13,241,0
1625,0,10,5,0
1626,0,18,1281,0
1627,0,0,14,0
1628,0,3,65,NA
1629,0,11,1051,NA
1630,0,0,5,0
1631,0,0,36,0
1632,0,3,0,0
1633,0,0,10,0
1634,0,4,164,NA
1635,0,0,11,0
1636,0,18,1719,0
1637,0,0,14,0
1638,0,0,16,NA
1639,0,20,14,0
1640,0,1,339,0
1641,0,3,2,NA
1642,0,1394,0,0
1643,0,0,7,0
1644,0,0,79,0
1645,0,0,91,0
1646,7,531,877,NA
1647,0,4,551,0
1648,0,14,329,NA
1649,0,5,0,NA
1650,0,0,141,0
1651,0,0,1,0
1652,0,1,60,0
1653,0,28,0,1
1654,0,13,1,0
1655,1,72,806,1
1656,0,0,39,0
1657,0,14,167,0
1658,0,39,248,0
1659,0,16,184,0
1660,0,1,0,0
1661,0,0,1,0
1662,0,0,2,0
1663,0,0,5,0
1664,0,0,1,0
1665,0,0,1,NA
1666,0,9,2,NA
1667,0,0,1,NA
1668,0,5,169,0
1669,0,0,20,0
1670,0,0,38,NA
1671,0,7,2,0
1672,0,12,93,NA
1673,0,0,2,NA
1674,0,0,13,0
1675,0,29,0,0
1676,0,0,44,NA
1677,0,2,26,1
1678,0,0,2,1
1679,0,239,1196,1
1680,0,0,3,1
1681,2,1247,17082,1
1682,0,0,1,1
1683,0,1,22,1
1684,0,0,11,1
1685,0,0,1342,1
1686,0,0,236,NA
1687,0,0,14,NA
1688,0,212,1839,NA
1689,0,95,702,1
1690,0,15,245,1
1691,0,0,29,1
1692,0,3,49,1
1693,0,2,0,1
1694,0,0,30,NA
1695,0,0,1,0
1696,0,0,31,NA
1697,0,0,107,0
1698,0,5,9,0
1699,0,5,130,0
1700,0,563,0,0
1701,0,1,33,0
1702,0,4,0,0
1703,0,0,1,0
1704,0,1,142,0
1705,0,0,52,0
1706,0,0,63,0
1707,0,2,0,0
1708,0,65,1838,0
1709,0,5,218,0
1710,0,0,32,0
1711,0,5,0,0
1712,0,4,44,NA
1713,0,0,4,NA
1714,0,264,2102,NA
1715,0,0,1,0
1716,0,0,30,0
1717,0,0,7,0
1718,0,0,23,NA
1719,0,1,0,0
1720,0,1,16,0
1721,0,1,0,0
1722,0,0,136,NA
1723,0,13,1,NA
1724,0,0,1,0
1725,0,6,30,0
1726,0,13,2,0
1727,0,0,3,0
1728,0,104,166,NA
1729,0,3,962,0
1730,0,0,2,0
1731,0,4,0,NA
1732,0,19,44,NA
1733,0,8871,0,0
1734,0,6,7,0
1735,0,89,1578,0
1736,0,1,0,0
1737,0,0,67,NA
1738,0,0,37,0
1739,0,0,99,NA
1740,0,0,1,0
1741,0,49,2251,0
1742,0,91,0,0
1743,0,32,0,0
1744,0,3,3,0
1745,0,6,309,0
1746,0,28,1,0
1747,0,23,303,0
1748,0,0,1,0
1749,0,6,196,NA
1750,0,0,23,0
1751,0,0,10,0
1752,0,0,44,0
1753,0,0,6,0
1754,0,3,75,0
1755,0,0,8,0
1756,0,0,26,0
1757,0,16,47,0
1758,0,0,59,0
1759,0,2,0,0
1760,0,0,4,0
1761,0,56,168,0
1762,0,22,664,0
1763,0,0,1,0
1764,0,270,0,0
1765,0,4,5,0
1766,0,92,0,0
1767,0,20,628,NA
1768,0,0,26,0
1769,0,0,9,0
1770,0,8,75,0
1771,0,344,0,0
1772,0,0,1,0
1773,0,0,5819,NA
1774,0,0,2,0
1775,0,11,303,0
1776,0,0,24,0
1777,0,0,4,0
1778,0,0,34,0
1779,0,0,107,0
1780,0,5,2,0
1781,0,18,0,0
1782,0,0,86,NA
1783,0,0,7,0
1784,0,8,23,0
1785,0,0,98,0
1786,0,105,11,NA
1787,0,0,6,0
1788,0,5,0,NA
1789,0,14,0,0
1790,0,4,118,NA
1791,0,0,551,1
1792,0,20,85,1
1793,0,6,194,NA
1794,0,1,8,1
1795,0,367,12554,1
1796,0,0,4128,NA
1797,0,1,0,1
1798,0,0,60,1
1799,0,0,407,1
1800,0,0,1,1
1801,0,7,609,NA
1802,0,21,49,1
1803,0,198,5045,1
1804,0,63,1,NA
1805,0,0,3,1
1806,0,0,4,0
1807,0,3,4,0
1808,0,1,3,0
1809,0,25,1010,NA
1810,0,432,0,0
1811,0,2,171,0
1812,0,0,3,0
1813,0,13,107,0
1814,0,1,23,0
1815,0,0,101,0
1816,0,46,0,0
1817,0,3697,0,0
1818,0,0,99,0
1819,0,1,111,0
1820,0,1,102,0
1821,0,20,626,NA
1822,0,656,37,0
1823,0,5,9,0
1824,0,0,74,0
1825,0,0,386,0
1826,0,196,1067,NA
1827,0,0,33,0
1828,0,1,1,0
1829,0,0,13,NA
1830,0,15,0,0
1831,0,8,276,0
1832,0,7,291,0
1833,0,8,11,NA
1834,0,0,6,0
1835,0,2,2,0
1836,0,0,4,0
1837,0,0,407,0
1838,0,0,1,0
1839,0,6742,0,NA
1840,0,12,829,0
1841,0,4,361,0
1842,0,21,1058,NA
1843,0,2,0,0
1844,0,0,76,0
1845,0,4,434,0
1846,0,1,4,0
1847,0,1,15,0
1848,0,0,38,0
1849,0,1451,0,0
1850,0,8,399,0
1851,0,4,0,0
1852,0,0,2,0
1853,0,155,279,0
1854,0,29,0,NA
1855,0,24,1494,0
1856,0,1331,0,0
1857,0,0,8,0
1858,0,24,1838,0
1859,0,39,1621,0
1860,0,0,430,NA
1861,0,171,4589,0
1862,0,0,133,0
1863,0,3,28,0
1864,0,0,28,0
1865,0,5,60,0
1866,0,47,0,0
1867,0,5,51,0
1868,0,0,10,0
1869,0,0,25,0
1870,0,4,361,0
1871,0,6,140,0
1872,0,61,0,0
1873,0,0,2,0
1874,0,0,36,0
1875,0,1,88,0
1876,0,9,122,0
1877,0,12,2856,0
1878,0,14,601,0
1879,0,1,14,NA
1880,0,2585,0,0
1881,0,1,111,0
1882,0,71,474,0
1883,0,37,202,0
1884,0,0,1,0
1885,0,14,329,NA
1886,0,101,2320,0
1887,0,28,0,0
1888,0,4,0,NA
1889,0,1,11,NA
1890,0,1331,0,0
1891,0,28,0,0
1892,0,14,601,NA
1893,0,4,15,0
1894,0,0,148,NA
1895,0,6742,0,0
1896,0,3,0,NA
1897,0,59,872,0
1898,0,0,1,0
1899,0,1,247,0
1900,0,16,59,0
1901,0,28,332,0
1902,0,0,6,0
1903,0,37,76,0
1904,0,0,12,NA
1905,0,0,407,NA
1906,0,65,1928,0
1907,0,9,0,0
1908,0,0,146,0
1909,0,0,1,0
1910,0,0,8,0
1911,0,17,20,0
1912,0,11,60,0
1913,0,57,1895,0
1914,0,0,3,0
1915,0,0,1,NA
1916,0,1,0,NA
1917,0,29,268,0
1918,0,0,11,0
1919,0,3,9,NA
1920,0,0,11,0
1921,0,5,54,NA
1922,0,123,0,0
1923,0,7,39,0
1924,0,1,339,0
1925,0,1,58,0
1926,0,73,3284,0
1927,0,4,44,NA
1928,0,0,5,0
1929,0,3,1306,NA
1930,0,52,40,0
1931,0,16,81,NA
1932,0,12,1,0
1933,0,18,91,0
1934,0,0,51,NA
1935,0,1,2,NA
1936,0,4,0,NA
1937,0,61,0,0
1938,0,26,286,0
1939,0,9,83,0
1940,0,1,190,0
1941,0,49,2251,0
1942,0,0,3,0
1943,0,7,32,0
1944,0,2,6,NA
1945,0,75,0,0
1946,0,5,961,0
1947,0,0,50,0
1948,0,1,0,0
1949,0,39,509,0
1950,0,3,9,0
1951,0,13,1,0
1952,0,0,1,0
1953,0,0,386,0
1954,0,1,0,0
1955,0,424,0,0
1956,0,36,8,NA
1957,0,39,509,NA
1958,0,0,2,0
1959,0,0,1,0
1960,0,15,38,0
1961,0,0,35,NA
1962,0,12,46,0
1963,0,0,554,0
1964,0,134,0,0
1965,0,4,49,0
1966,0,3,95,0
1967,0,0,50,NA
1968,0,12,0,0
1969,0,78,532,0
1970,0,1,101,0
1971,0,6707,0,0
1972,0,0,23,0
1973,0,0,14,NA
1974,0,6,643,0
1975,0,0,42,0
1976,0,10,7,0
1977,0,17,3,0
1978,0,11,741,0
1979,0,2,26,0
1980,0,178,29,NA
1981,0,41,164,0
1982,0,1,0,0
1983,0,356,4221,NA
1984,0,22,27,0
1985,0,11,20,NA
1986,0,0,6,NA
1987,0,0,179,0
1988,0,0,14,0
1989,0,94,392,NA
1990,0,0,2,NA
1991,0,0,1,0
1992,0,1,0,0
1993,0,1,18,0
1994,0,5,52,0
1995,0,0,10,NA
1996,0,3,7,0
1997,0,4,263,0
1998,0,9,0,0
1999,0,0,1,0
2000,0,9,15,0
2001,0,0,62,0
2002,0,22,3,0
2003,0,4,0,NA
2004,0,0,20,0
2005,0,0,19,NA
2006,0,1,58,0
2007,0,0,95,NA
2008,0,5,2,0
2009,0,9,28,0
2010,0,0,1,0
2011,0,563,0,0
2012,0,0,28,0
2013,0,1,33,0
2014,0,0,1,0
2015,0,5,0,0
2016,0,0,34,0
2017,1,4,130,NA
2018,0,0,8,0
2019,0,14,90,0
2020,0,7,252,0
2021,0,23,303,0
2022,0,1408,0,0
2023,0,12,0,NA
2024,0,0,9,0
2025,0,0,51,0
2026,0,0,96,0
2027,0,0,71,0
2028,0,3,1508,NA
2029,0,0,1,0
2030,0,4,194,0
2031,0,5,313,0
2032,0,6,282,0
2033,0,2927,0,0
2034,0,9,12,NA
2035,0,0,9,NA
2036,0,8,304,0
2037,0,13,17,0
2038,0,58,44,NA
2039,0,0,15,0
2040,0,0,36,0
2041,0,435,385,0
2042,0,1,189,0
2043,0,0,15,NA
2044,0,0,3,0
2045,0,0,7,0
2046,0,0,11,0
2047,0,2,180,0
2048,0,0,23,0
2049,0,0,10,0
2050,0,8,10,0
2051,0,0,1,0
2052,0,9,2,0
2053,0,0,2,NA
2054,0,0,86,0
2055,0,0,3,0
2056,0,0,295,0
2057,0,0,3789,0
2058,0,2,87,0
2059,0,0,12,0
2060,0,10,499,NA
2061,0,0,51,0
2062,0,0,1,0
2063,0,0,97,0
2064,0,14,169,0
2065,0,0,258,0
2066,0,435,385,0
2067,0,20,362,0
2068,0,6,447,0
2069,0,0,3,0
2070,0,13,2,0
2071,0,0,37,0
2072,0,4,52,NA
2073,0,2,290,0
2074,0,25,0,0
2075,0,0,1,0
2076,0,0,16,0
2077,0,198,5045,0
2078,0,0,7,0
2079,0,0,41,0
2080,0,0,8,0
2081,0,49,28,NA
2082,0,0,244,0
2083,0,9,20,0
2084,0,0,1,0
2085,0,40,2259,0
2086,0,0,10,NA
2087,0,11,441,0
2088,0,10,0,0
2089,0,9309,0,0
2090,0,111,2130,0
2091,0,26,120,0
2092,1,72,806,0
2093,0,0,64,NA
2094,0,10,81,0
2095,0,0,21,0
2096,0,80,2717,0
2097,0,10,85,0
2098,0,5,218,0
2099,0,42,2090,0
2100,0,1,1,0
2101,0,20,0,0
2102,0,0,18,0
2103,0,0,60,0
2104,0,151,4608,0
2105,0,15,38,0
2106,0,4,28,0
2107,0,4,47,0
2108,0,0,76,0
2109,0,0,3,0
2110,0,42,13,0
2111,0,0,1,NA
2112,0,9,731,0
2113,0,0,57,NA
2114,0,1018,0,0
2115,0,14,475,0
2116,0,2,26,1
2117,0,8,419,NA
2118,0,11,378,1
2119,0,5,4,1
2120,0,0,33,1
2121,0,11,60,1
2122,0,12,93,1
2123,0,0,488,1
2124,0,0,233,1
2125,0,128,10,1
2126,0,0,6,1
2127,0,155,279,1
2128,0,576,0,1
2129,0,6,0,1
2130,0,9,1210,1
2131,0,0,1,1
2132,0,4,329,NA
2133,0,0,107,1
2134,0,6,52,0
2135,1,1125,0,0
2136,0,0,15,0
2137,0,42,2090,0
2138,0,0,10,0
2139,0,58,44,0
2140,0,30,7,0
2141,0,0,35,0
2142,0,14,405,0
2143,0,21,636,NA
2144,0,0,2799,0
2145,0,6,140,0
2146,0,0,43,0
2147,0,0,16,0
2148,0,13,53,0
2149,0,0,8,0
2150,0,0,141,0
2151,0,11,1143,NA
2152,0,0,30,NA
2153,0,0,2,0
2154,0,32,0,NA
2155,0,469,0,NA
2156,0,22,341,NA
2157,0,3,5,0
2158,0,4,19,0
2159,0,9309,0,0
2160,0,8,12,NA
2161,0,8,17527,0
2162,0,0,3,0
2163,0,986,0,NA
2164,0,0,3,NA
2165,0,0,551,0
2166,0,424,904,NA
2167,0,2,183,NA
2168,0,0,4,0
2169,0,0,32,0
2170,0,3724,0,0
2171,0,0,6,0
2172,0,3,0,0
2173,0,0,1,0
2174,0,2,0,0
2175,0,10,93,NA
2176,0,3,49,NA
2177,0,0,5,0
2178,0,33,14,0
2179,0,0,15,0
2180,0,0,353,0
2181,0,1,33,0
2182,0,21,1384,NA
2183,0,48,2,0
2184,0,0,4,0
2185,0,0,2,0
2186,0,0,2,0
2187,0,3,3,0
2188,0,0,68,0
2189,0,10,295,0
2190,0,1,4,0
2191,0,5,0,0
2192,0,12,0,0
2193,0,0,13,0
2194,0,12,1,0
2195,0,18,649,0
2196,0,1217,0,NA
2197,0,0,6,0
2198,0,14,262,0
2199,0,1,1,0
2200,0,8871,0,0
2201,0,0,9,0
2202,0,0,77,0
2203,0,4,35,NA
2204,0,6,196,0
2205,0,0,1,0
2206,0,0,249,NA
2207,0,0,1,NA
2208,0,40,2,0
2209,0,0,36,0
2210,0,28,0,0
2211,0,4,361,0
2212,0,0,2,0
2213,0,0,1,0
2214,0,13,322,0
2215,0,4,85,0
2216,0,7,0,0
2217,0,11,0,0
2218,0,5,313,0
2219,0,0,17,0
2220,0,151,4608,0
2221,0,28,753,0
2222,0,4,0,0
2223,0,131,0,0
2224,0,134,0,0
2225,0,0,45,NA
2226,0,2027,0,0
2227,0,7855,0,0
2228,0,0,5,NA
2229,0,0,18,NA
2230,0,16,262,0
2231,0,0,48,0
2232,0,5,295,NA
2233,0,2172,0,0
2234,0,9,1210,NA
2235,0,155,158,0
2236,0,20,626,0
2237,0,43,0,0
2238,0,9109,0,0
2239,0,25,0,0
2240,0,0,45,0
2241,0,0,42,0
2242,0,4,53,NA
2243,0,54,0,NA
2244,0,0,16,0
2245,0,9,122,0
2246,0,8,20,0
2247,0,2,60,NA
2248,0,0,131,0
2249,0,22,95,0
2250,0,3,65,0
2251,0,6,309,0
2252,0,13,1,NA
2253,0,13,1,0
2254,0,5,88,0
2255,0,10,29,NA
2256,0,101,2320,0
2257,0,0,35,NA
2258,0,70,5881,0
2259,0,1241,0,0
2260,0,0,80,NA
2261,0,6,67,0
2262,0,22,855,0
2263,0,4,865,0
2264,0,0,2,0
2265,0,4,56,0
2266,0,599,0,0
2267,0,0,44,0
2268,0,108,594,NA
2269,0,0,20,0
2270,0,4,301,0
2271,0,13,90,0
2272,0,0,45,0
2273,0,4,45,0
2274,0,0,3,NA
2275,0,4,164,0
2276,0,81,259,0
2277,0,2721,0,NA
2278,0,12,75,0
2279,0,12,258,0
2280,0,4,7,NA
2281,0,0,10,0
2282,0,0,21,0
2283,0,0,36,0
2284,0,0,3,0
2285,0,264,0,0
2286,0,0,2,0
2287,0,0,92,0
2288,0,0,77,0
2289,0,0,2,0
2290,0,0,25,0
2291,0,0,15,0
2292,0,18,1719,0
2293,0,0,8,0
2294,0,0,210,0
2295,0,4,515,0
2296,0,161,1534,0
2297,0,5,44,NA
2298,0,0,178,NA
2299,0,7,51,0
2300,0,4,865,0
2301,0,44,0,0
2302,0,18,1,0
2303,0,92,0,NA
2304,0,1,6,NA
2305,2,1247,17082,0
2306,0,3,190,0
2307,0,26,120,0
2308,0,0,42,0
2309,0,6518,0,NA
2310,7,531,877,0
2311,0,0,258,0
2312,0,0,23,0
2313,0,10,11,0
2314,0,9,0,0
2315,0,0,2,0
2316,0,18,649,0
2317,0,1018,0,0
2318,0,5,153,0
2319,0,56,168,0
2320,0,793,0,0
2321,0,0,1,0
2322,0,1,12,NA
2323,0,1,11,0
2324,0,11,144,0
2325,0,0,7,NA
2326,0,0,5819,0
2327,0,1807,0,NA
2328,0,20,46,0
2329,0,0,13,0
2330,0,113,0,0
2331,0,17,0,0
2332,0,7,39,0
2333,0,6594,0,0
2334,0,5,0,0
2335,0,3,4,NA
2336,0,1,0,0
2337,0,0,8,0
2338,0,2,1,NA
2339,0,0,4,0
2340,0,0,75,NA
2341,0,0,163,0
2342,0,0,2,0
2343,0,0,1,0
2344,0,6,3,0
2345,0,71,474,0
2346,0,4,434,0
2347,0,0,1,0
2348,0,0,6,0
2349,0,0,1,0
2350,0,9309,0,0
2351,0,0,611,0
2352,0,174,4886,0
2353,0,0,2799,0
2354,0,0,10,0
2355,0,0,73,0
2356,0,793,0,0
2357,0,694,0,0
2358,0,4,9,0
2359,0,5,1,NA
2360,0,9,1,NA
2361,0,0,63,0
2362,0,0,1,0
2363,0,3,289,0
2364,0,0,7,0
2365,0,11,441,0
2366,0,13,1,0
2367,0,0,91,0
2368,0,3697,0,NA
2369,0,0,190,0
2370,0,10,1850,0
2371,0,6,74,0
2372,0,0,1,0
2373,0,21,307,0
2374,0,3,0,0
2375,0,1,58,0
2376,0,22,95,0
2377,0,285,3468,0
2378,0,7,3898,0
2379,0,0,6,NA
2380,0,0,15,0
2381,0,0,23,0
2382,0,151,0,0
2383,0,30,85,NA
2384,0,4,0,0
2385,0,1275,0,0
2386,0,19,44,NA
2387,0,157,10,0
2388,0,0,1,0
2389,0,0,2,0
2390,0,4,17,0
2391,0,20,626,0
2392,0,1,4,0
2393,0,0,5,NA
2394,0,0,2,0
2395,0,6,76,0
2396,0,15,0,0
2397,0,0,25,0
2398,0,13,127,0
2399,0,26,378,NA
2400,0,0,12,0
2401,0,18,2418,0
2402,0,0,8,0
2403,0,4,44,0
2404,0,0,69,0
2405,0,1,38,0
2406,0,0,10,0
2407,0,1359,0,NA
2408,0,52,90,NA
2409,0,1993,0,0
2410,0,1,120,0
2411,0,4,34,0
2412,0,0,3,0
2413,0,0,210,0
2414,0,9,3,0
2415,0,0,30,0
2416,0,185,0,0
2417,0,0,11,0
2418,0,0,1,0
2419,0,0,73,0
2420,0,421,7532,0
2421,0,0,6,0
2422,0,17,2527,0
2423,0,0,11,0
2424,0,0,9,0
2425,0,12,111,NA
2426,0,0,29,0
2427,0,0,1,0
2428,0,0,9,0
2429,0,0,38,0
2430,0,12,296,0
2431,0,654,0,0
2432,0,0,24,NA
2433,0,21,307,0
2434,0,1,0,0
2435,0,0,249,0
2436,0,17,423,0
2437,0,0,4,NA
2438,0,0,1,NA
2439,0,8,97,0
2440,0,2,6,0
2441,0,264,2102,0
2442,0,0,554,0
2443,0,12,46,0
2444,0,4,253,0
2445,0,1,9,NA
2446,0,1,33,0
2447,0,0,240,NA
2448,0,3,306,0
2449,0,94,392,0
2450,0,24,0,0
2451,0,0,4,NA
2452,0,8,429,0
2453,0,0,1,0
2454,0,13,2,0
2455,0,0,18,0
2456,0,0,3,0
2457,0,10,499,0
2458,0,656,37,0
2459,0,7,3,NA
2460,0,7855,0,0
2461,0,0,1,0
2462,0,0,1,0
2463,0,0,1,0
2464,0,2281,0,0
2465,0,4,21,0
2466,0,0,141,0
2467,0,1,372,0
2468,0,2377,0,0
2469,0,102,0,0
2470,0,6,229,0
2471,0,0,6,0
2472,0,0,3,NA
2473,0,6742,0,0
2474,0,13,90,0
2475,0,0,428,NA
2476,0,9,241,NA
2477,0,11,490,0
2478,0,2,171,0
2479,0,0,5,NA
2480,0,0,25,0
2481,0,32,1570,0
2482,0,17,101,0
2483,0,7,946,0
2484,0,4,0,NA
2485,0,0,32,0
2486,0,13,76,NA
2487,0,39,30,0
2488,0,0,240,0
2489,0,26,286,0
2490,0,23,1202,0
2491,0,0,15,0
2492,0,9,20,0
2493,0,13,70,NA
2494,0,13,53,0
2495,0,0,1,NA
2496,0,144,4813,0
2497,0,31,903,0
2498,0,8,78,0
2499,0,0,15,0
2500,0,0,51,0
2501,0,5,0,0
2502,0,31,29,0
2503,0,1,13,0
2504,0,4,0,0
2505,0,0,8,0
2506,0,0,37,0
2507,0,4,13,0
2508,0,5,47,0
2509,0,0,1,NA
2510,0,0,1,0
2511,0,0,25,0
2512,0,0,7,0
2513,0,0,4,0
2514,0,1,189,0
2515,0,30,3384,0
2516,0,8,11,0
2517,0,0,36,0
2518,0,3,7,0
2519,0,28,915,NA
2520,0,13,54,0
2521,0,19,500,NA
2522,0,6,30,0
2523,0,13,70,0
2524,0,2,140,0
2525,0,23,3256,0
2526,0,120,8561,0
2527,0,75,1520,NA
2528,0,0,1,NA
2529,0,11,441,0
2530,0,10,31,0
2531,0,0,2,0
2532,0,13,2,NA
2533,0,0,12,0
2534,0,8,107,NA
2535,0,0,59,0
2536,0,1,128,0
2537,0,0,27,NA
2538,0,0,35,0
2539,0,12,0,0
2540,0,2,59,0
2541,0,5,436,0
2542,0,17,3841,0
2543,0,24,1774,0
2544,0,54,0,0
2545,0,1,31,0
2546,0,52,637,0
2547,0,1624,0,0
2548,0,0,15,0
2549,0,1,102,0
2550,0,82,0,NA
2551,0,0,285,0
2552,0,0,14,0
2553,0,0,8,0
2554,0,344,0,0
2555,0,1,47,0
2556,0,0,1,0
2557,0,0,38,0
2558,0,0,1,0
2559,0,223,1161,NA
2560,0,9,0,0
