,Sales_Order,STP_Ratio,STP_diff_Ratio,Reseller
1,2,0,0,0
2,11,0.0149253731343284,0,0
3,7,1,0,0
4,2,1,0,0
5,57,0.113475177304965,0.0625,0
6,14,0.25,0,0
7,29,0,0,0
8,4,1,0,0
9,9,0.153846153846154,0,0
10,5,0.110091743119266,0,0
11,6,1,0,NA
12,79,0.647058823529412,0,0
13,9,0.0294117647058824,0,0
14,2,1,0,NA
15,60,0.25,0,0
16,4,0.486486486486487,0,0
17,13,1,0,NA
18,49,0.037037037037037,0,0
19,25,0.888888888888889,0,0
20,1,0.027027027027027,0,0
21,1,0.108087091757387,0,0
22,89,0.857142857142857,0,0
23,5,1,0,0
24,1,1,0.2,NA
25,80,0.3,0,0
26,12,0.995753715498938,0,0
27,1,1,0,0
28,8,0.0731707317073171,0,0
29,64,1,0,0
30,3,1,0,NA
31,53,1,0,0
32,1,0,0,0
33,22,1,0,NA
34,28,0.0740740740740741,0,0
35,1,1,0,0
36,2,0.285714285714286,0,0
37,3,0.012987012987013,0,0
38,3,0,0,0
39,108,0.0625,0,0
40,211,0.0625,0,0
41,24,0.0307017543859649,0,0
42,7,0.125,0,0
43,6,0.0441176470588235,0,0
44,2,1,0,0
45,39,0.521739130434783,0,0
46,13,0.0704225352112676,0,0
47,38,0.075,0,0
48,6,0.04,0,NA
49,45,0,0,0
50,1,0.133333333333333,0,0
51,5,1,0,NA
52,177,1,0,0
53,4,1,0,0
54,163,0,0,0
55,4,0.376068376068376,0,0
56,71,0,0,0
57,74,1,0,NA
58,53,1,0,0
59,12,0.0517241379310345,0,0
60,313,1,0,0
61,38,0.0344827586206897,0,0
62,83,1,0,0
63,9,1,0,NA
64,38,0.0454545454545455,0,NA
65,121,0,0,NA
66,119,1,0,0
67,12,0,0,0
68,27,1,0.111111111111111,0
69,63,0.181818181818182,0,0
70,15,0.117647058823529,0,0
71,1,0,0,0
72,16,0,0,0
73,22,1,0,NA
74,61,1,0,0
75,1,0,0,0
76,7,0.1280353200883,0.0172413793103448,0
77,25,1,0,0
78,6,1,0,0
79,29,1,0,0
80,2,1,0,0
81,13,0.5,0,0
82,4,1,0,0
83,87,0.0150753768844221,0.166666666666667,0
84,48,1,0,NA
85,25,1,0,0
86,23,0.25,0,NA
87,2,0,0,NA
88,12,0.0517241379310345,0,0
89,34,0,0,0
90,12,0.995753715498938,0,0
91,14,1,0,0
92,25,1,0,0
93,16,0.666666666666667,0,0
94,6,0.115384615384615,0,NA
95,8,1,0,0
96,753,0.166666666666667,0,0
97,11,0.008,0,NA
98,13,1,0,0
99,44,0.625,0,0
100,1,1,0,0
101,10,0.0280373831775701,0,NA
102,50,0.166666666666667,0,0
103,38,0.075,0,0
104,250,1,0,0
105,1,0.05,0,0
106,121,1,0,0
107,6,1,0,NA
108,1,1,0,0
109,4,0,0,0
110,8,0.0344827586206897,0,0
111,253,1,0,0
112,17,0.125,0,0
113,21,0.0933333333333333,0,0
114,122,0.954545454545455,0,0
115,23,0.1,0,0
116,1,0.0555555555555556,0,0
117,115,0.00199203187250996,0,0
118,64,1,0,0
119,36,0.319444444444444,0,0
120,15,0.622119815668203,0,NA
121,48,0.00609756097560976,0,NA
122,51,0.444444444444444,0,0
123,110,0.04,0,NA
124,21,0.0154639175257732,0,0
125,15,1,0,0
126,41,1,0,0
127,2,0,0,NA
128,13,0,0,0
129,382,1,0,0
130,3,1,0,0
131,250,0.272727272727273,0,0
132,24,0.928571428571429,0,0
133,2,0.1,0,0
134,5,0.143236074270557,0,0
135,83,1,0,0
136,68,0.178571428571429,0,0
137,106,1,0,NA
138,139,0.727272727272727,0,0
139,22,1,0,0
140,38,1,0,NA
141,129,0.4,0,0
142,24,0.078125,0,0
143,1,0,0,NA
144,25,0.0394736842105263,0,0
145,87,0.304761904761905,0,0
146,13,1,0,NA
147,2,1,0,0
148,19,1,0,0
149,44,0.625,0,NA
150,59,0.166666666666667,0,0
151,3,0,0,0
152,23,0.25,0,0
153,8,1,0,0
154,24,0.0298507462686567,0,0
155,2,1,0,NA
156,18,0.242424242424242,0,NA
157,108,1,0.25,0
158,5,1,0,0
159,40,0.0242424242424242,0,NA
160,1,1,0,0
161,4,0.0175054704595186,0,0
162,67,1,0,0
163,50,1,0.0555555555555556,0
164,244,0.05,0,0
165,7,0,0,0
166,4,0.0211132437619962,0,0
167,2,0.264957264957265,0,0
168,14,0.25,0,NA
169,2,0.173913043478261,0,0
170,2,0.833333333333333,0,0
171,1,1,0,0
172,19,0.107142857142857,0,NA
173,4,0,0,0
174,5,1,0,0
175,2,1,0,NA
176,70,1,0,NA
177,11,0,0,0
178,4,0,0,0
179,4,1,0,0
180,3,0.2,0,0
181,9,1,0,NA
182,2,1,0,NA
183,65,1,0,0
184,5,1,0,0
185,18,0.242424242424242,0,0
186,1,1,0,0
187,61,0.454545454545455,0,0
188,3,0.324324324324324,0,0
189,25,0.140350877192982,0,0
190,58,0.0769230769230769,0,0
191,11,1,0,NA
192,8,0.19047619047619,0,0
193,660,1,0,0
194,37,0.141509433962264,0,0
195,46,1,0,0
196,7,0.5,0,0
197,3,1,0,0
198,4,0.0847457627118644,0,0
199,10,0.333333333333333,0,0
200,2,0.00980392156862745,0,NA
201,7,1,0,0
202,3,0.0104166666666667,0,0
203,1,1,0,NA
204,4,0,0,0
205,3,1,0,0
206,9,1,0,0
207,1,0,0,0
208,1,0.0889252591380251,0,0
209,68,1,0,0
210,64,1,0,NA
211,1,1,0,0
212,4,0.0465116279069767,0,0
213,3,0.166666666666667,0,0
214,189,1,0,0
215,1,1,0,0
216,2,0.0540540540540541,0,0
217,65,0,0,0
218,1,0,0,0
219,1,1,0,NA
220,35,0.130434782608696,0,NA
221,20,1,0,0
222,20,0.9,0,0
223,6,0,0,0
224,23,1,0,0
225,16,0.666666666666667,0,NA
226,378,0.125,0,0
227,17,0.5625,0,0
228,6,1,0,0
229,6,0.25,0,0
230,2,1,0,0
231,1,0.151515151515152,0,0
232,8,1.375,0,NA
233,6,1,0,0
234,30,3.03571428571429,0,0
235,53,1,0,0
236,28,0.024390243902439,0,NA
237,1,0.105263157894737,0,0
238,21,0,0,0
239,1,0.7,0,0
240,14,1,0,NA
241,3,0,0,NA
242,4,0.1,0,0
243,14,1,0,0
244,7,1,0,0
245,5,1,0,0
246,37,1,0,NA
247,10,0.0377358490566038,0,0
248,21,0.833333333333333,0,NA
249,6,0.2,0,0
250,4,1,0,0
251,8,0.236574746008708,0,0
252,5,1,0,0
253,11,1,0,0
254,13,1,0,0
255,3,0.012987012987013,0,0
256,21,0,0,0
257,3,1,0,NA
258,139,1,0,0
259,5,0,0,0
260,1,0.5,0,0
261,5,0,0,NA
262,218,1,0,0
263,18,0.0483870967741935,0,0
264,12,0.995753715498938,0,NA
265,471,1,0,0
266,5,0.782608695652174,0,NA
267,11,1,0,0
268,65,1,0,0
269,70,0,0,0
270,18,1,0,0
271,60,1,0,0
272,250,0.272727272727273,0,0
273,21,0,0,0
274,1,1,0,0
275,82,0.0625,0,0
276,79,0,0,0
277,13,1,0,0
278,11,0,0,0
279,21,1,0,0
280,163,0,0,0
281,103,0,0,0
282,34,0.1,0,NA
283,1110,0,0,0
284,64,0,0,0
285,16,0.0344827586206897,0,NA
286,25,0.888888888888889,0,NA
287,22,0.0743801652892562,0,0
288,471,1,0,0
289,282,0.154320987654321,0,0
290,1,1,0,0
291,8,1,0,0
292,43,0,0,NA
293,17,1,0,0
294,37,0.333333333333333,0,0
295,3,1.20689655172414,0,NA
296,232,0.258823529411765,0,0
297,135,1,0,NA
298,194,1,0,NA
299,81,1,0,0
300,6,0.04,0,0
301,65,0.0909090909090909,0,0
302,2,1,0,NA
303,6,0.179640718562874,0.0333333333333333,0
304,214,0.568965517241379,0.151515151515152,0
305,13,0.251798561151079,0,0
306,2,0.88,0.0227272727272727,0
307,26,0,0,0
308,53,0.0681818181818182,0,0
309,2,0.0540540540540541,0,0
310,6,0,0,0
311,42,0.0714285714285714,0,NA
312,72,1,0,0
313,12,0.916666666666667,0,0
314,3,1,0,NA
315,37,0.333333333333333,0,0
316,24,1,0,0
317,5,0.037037037037037,0,0
318,6,0.115384615384615,0,0
319,2,0,0,0
320,164,0.0826446280991736,0,0
321,85,0.916666666666667,0,0
322,267,0,0,0
323,39,1,0,0
324,42,0.222222222222222,0,0
325,8,1,0,NA
326,5,0.143236074270557,0,0
327,126,1,0,0
328,24,0.078125,0,NA
329,77,0.756756756756757,0,0
330,185,0.909090909090909,0,0
331,5,0,0,0
332,2022,1,0,0
333,57,0.8,0,0
334,6,0.4,0,0
335,4,0,0,0
336,2,1,0,0
337,631,1,0,0
338,3,0.647058823529412,0,0
339,67,1,0,0
340,194,1,0,0
341,31,1,0,0
342,1,0,0,0
343,3,1,0,NA
344,2,0.1,0,NA
345,250,0.272727272727273,0,0
346,33,1,0,0
347,135,1,0,0
348,7,0.111111111111111,0,0
349,8,0.428571428571429,0,NA
350,33,0.466666666666667,0,0
351,2,0,0,0
352,12,0.277777777777778,0,0
353,28,1,0,0
354,4,0,0,0
355,593,0,0,NA
356,20,0,0,0
357,115,0.00199203187250996,0,0
358,41,0.0967741935483871,0,0
359,19,0.0816326530612245,0,0
360,7,0.2,0,0
361,54,0.024390243902439,0,0
362,351,2,0.5,NA
363,200,1,0,0
364,89,0,0,0
365,359,0.285714285714286,0,0
366,85,1,0,0
367,13,0,0,0
368,13,0.142857142857143,0,0
369,40,0,0,NA
370,6,0.272727272727273,0,0
371,1,0,0,NA
372,37,0.356521739130435,0,NA
373,3,1,0,NA
374,39,1,0,0
375,4,1,0,0
376,1,1,0,0
377,65,0,0,0
378,6,1,0,0
379,446,0.166666666666667,0,0
380,13,0.578947368421053,0,NA
381,228,1,0,1
382,1,1,0,0
383,15,1,0,0
384,1,1,0,0
385,17,1,0,0
386,26,0,0,NA
387,13,0.251798561151079,0,0
388,6,1,0,0
389,26,0.0465116279069767,0,NA
390,13,0.04,0,NA
391,5,1,0,0
392,2,0.411764705882353,0,0
393,108,0,0,0
394,2,0,0,0
395,2,1,0,NA
396,18,1,0,NA
397,4,1,0,0
398,19,0.284313725490196,0.0689655172413793,NA
399,20,0.210526315789474,0,0
400,813,0.0909090909090909,0,0
401,78,0.294117647058824,0,0
402,284,0.214285714285714,0,0
403,5,1,0,NA
404,70,0.0727272727272727,0,0
405,6,0.5,0,0
406,1,2,0,0
407,19,0.043956043956044,0,0
408,5,0.5,0,NA
409,2,1,0,0
410,240,0.236363636363636,0,0
411,5,1,0,0
412,2,1,0,0
413,66,1,0,NA
414,70,1,0,NA
415,11,1,0,0
416,6,0.0614617940199336,0,0
417,13,0.04,0,0
418,86,0.307692307692308,0,0
419,32,0.5,0,NA
420,39,0.521739130434783,0,0
421,47,1,0,NA
422,5,0,0,0
423,85,0.916666666666667,0,NA
424,4,1,0,0
425,38,1,0,0
426,228,1,0,0
427,13,0.137010676156584,0,0
428,39,1,0,0
429,53,1,0,0
430,28,0.476190476190476,0,0
431,1,0.242424242424242,0,0
432,26,1,0,0
433,21,0.0526315789473684,0,0
434,200,1,0,0
435,4,0.241379310344828,0.142857142857143,0
436,5,0,0,0
437,1,0,0,0
438,23,0,0,0
439,1,1,0,NA
440,4,0,0,0
441,89,0.04,0,0
442,6,0,0,0
443,5,0.0731707317073171,0,0
444,5,1,0,NA
445,131,0.0476190476190476,0,1
446,9,0,0,0
447,2,0.0172413793103448,0,0
448,192,0.243243243243243,0,0
449,4,0.111111111111111,0,0
450,1,0.0597014925373134,0,0
451,3,1,0,NA
452,69,0,0,0
453,2,1,0,0
454,291,0.666666666666667,0,0
455,6,1,0,0
456,21,0.0422535211267606,0,0
457,7,1,0,0
458,13,0.227272727272727,0,0
459,1,0,0,0
460,2,0.171597633136095,0,0
461,3,0.012987012987013,0,0
462,86,0.119289340101523,0,0
463,1,1,0,NA
464,16,1,0,0
465,79,0,0,NA
466,1,0.166666666666667,0,0
467,7,0.5,0,0
468,52,0.666666666666667,0,NA
469,8,0.117647058823529,0,0
470,3,0,0,0
471,2,0.181818181818182,0,0
472,5,0.5,0,0
473,23,0.0754716981132075,0,0
474,1,1,0,0
475,5,0.0512820512820513,0,0
476,6,1,0,0
477,1,0,0,0
478,6,0.0441176470588235,0,0
479,12,1,0,NA
480,86,0.307692307692308,0,0
481,228,1,0,0
482,1,1,0,NA
483,3,1,0,0
484,1,1,0,0
485,1,0,0,0
486,91,0,0,NA
487,11,0,0,NA
488,2,1.23255813953488,0,0
489,1,1,0,0
490,291,0.666666666666667,0,0
491,13,1,0,0
492,5,1,0,0
493,80,0.625,0,0
494,29,0,0,NA
495,4,0,0,0
496,10,0.333333333333333,0,NA
497,1,0.0166666666666667,0,NA
498,49,0,0,0
499,19,1,0,0
500,70,1,0,0
501,15,1,0,0
502,8,0.973684210526316,0,NA
503,45,0.100917431192661,0,NA
504,3,0.0952380952380952,0,0
505,4,0,0,1
506,1,0.0130111524163569,0,0
507,9,0.0294117647058824,0,0
508,10,0.333333333333333,0,0
509,753,0.166666666666667,0,0
510,5,0.166666666666667,0,NA
511,1,0,0,0
512,48,1,0,0
513,41,1,0,0
514,5,0,0,0
515,8,0.210526315789474,0,0
516,1,0.105590062111801,0,0
517,1,1,0,0
518,17,1,0,0
519,4,0.625,0,NA
520,1,0.0363636363636364,0,0
521,1,1.5,0,NA
522,2,0,0,NA
523,1,0.15625,0,0
524,5,1,0,0
525,2,1,0,0
526,11,1,0,0
527,36,0.5,0,0
528,5,0,0,1
529,218,1,0,1
530,16,0,0,1
531,5,1,0,1
532,512,1,0,NA
533,1,0,0,1
534,587,0.25,0,1
535,91,1,0,1
536,105,1,0,1
537,2,1,0,1
538,17,1,0,NA
539,39,1,0,1
540,244,0.25,0,1
541,2908,1,0,1
542,2,1,0,1
543,4,1,0,1
544,2,1,0,1
545,154,0.240506329113924,0.0526315789473684,1
546,13,0.0865384615384615,0,1
547,1,1,0,1
548,11,0.2,3,1
549,378,0.125,0,0
550,1,0,0,0
551,839,0.428571428571429,0,0
552,11,0.101941747572816,0.142857142857143,0
553,16,0.666666666666667,0,0
554,33,1.33333333333333,0,NA
555,72,1,0,0
556,8,1,0,0
557,3,0.4,0,0
558,3,0,0,0
559,3,1,0,0
560,91,0,0,NA
561,1,0.5,0,0
562,27,1,0,0
563,2,1,0,NA
564,4,0,0,0
565,2,1,0,0
566,8,1,0,0
567,31,0.181818181818182,0,0
568,1,0.105590062111801,0,0
569,4,0.333333333333333,0,0
570,3,0.428571428571429,0,0
571,14,0.25,0,0
572,28,1,0,NA
573,3,0,0,0
574,1,0,0,0
575,41,0,0,0
576,36,0.0540540540540541,0,0
577,1,0.1,0,0
578,40,0,0,0
579,302,0.138528138528139,0,0
580,44,1,0,0
581,4,1,0,0
582,27,0.0327868852459016,0,0
583,75,0.818181818181818,0,0
584,5,0.5,0,0
585,1,0,0,0
586,2,0.1,0,0
587,19,1,0,0
588,35,0,0,0
589,60,1,0,0
590,170,1,0,0
591,25,1,0,0
592,4,1,0,0
593,321,0.0862068965517241,0,0
594,75,0,0,0
595,1,1,0,0
596,3,0.228571428571429,0,0
597,4,1,0,0
598,4,0.024,0,NA
599,7,0,0,0
600,162,1,0,0
601,20,0.0952380952380952,0,NA
602,1,0.523809523809524,0,0
603,2,0.264957264957265,0,0
604,15,0.0966666666666667,0,NA
605,1,0,0,0
606,4,1,0,0
607,359,0.285714285714286,0,NA
608,1,0.0421052631578947,0,0
609,5,1,0,0
610,18,1,0,0
611,1,0.523809523809524,0,0
612,1,1,0,0
613,7,0.333333333333333,0,0
614,3,0,0,NA
615,3,0,0,0
616,10,0.2,0,0
617,2,0.197183098591549,0,0
618,12,0.0517241379310345,0,0
619,2,1,0,0
620,31,0.142857142857143,0,0
621,2,0,0,0
622,1,0.129496402877698,0,0
623,39,1,0,0
624,8,0.0344827586206897,0,0
625,1,0,0,NA
626,1,0.647058823529412,0,NA
627,9,0.0294117647058824,0,0
628,4,0.878378378378378,0,NA
629,4,1,0,0
630,1,0.0882352941176471,0,NA
631,135,1,0,0
632,1,0.0925925925925926,0,0
633,89,0,0,NA
634,9,0.111111111111111,0,0
635,9,1,0,0
636,3,0.307692307692308,0.125,NA
637,5,1,0,NA
638,35,0.0769230769230769,0,NA
639,1,1,0,NA
640,92,0,0,1
641,5,1,0,NA
642,37,0.0178571428571429,0,1
643,1833,1,0,1
644,292,0,0,NA
645,5,0,0,1
646,1,1,0,1
647,5,0.110091743119266,0,NA
648,601,0.571428571428571,0,1
649,3,1,0,1
650,3,0.2,0,1
651,37,0.141509433962264,0,1
652,1,0,0,1
653,379,1,0,1
654,9,1,0,1
655,36,0.319444444444444,0,1
656,20,0.0337078651685393,0,1
657,6,0.0355329949238579,0,1
658,1,0,0,NA
659,1,0,0,0
660,2,1,0,NA
661,189,1,0,0
662,10,0.166666666666667,0,0
663,43,0.5,0,0
664,2,0.365384615384615,0,0
665,2,1,0,0
666,1,0.202797202797203,0.0344827586206897,0
667,34,0.0526315789473684,0,0
668,502,1,0,0
669,14,1,0,0
670,12,1,0,0
671,8,0,0,0
672,7,0.111111111111111,0,0
673,10,0.125,0,0
674,707,0.181818181818182,0,0
675,267,1,0,NA
676,22,1,0,0
677,18,1,0,0
678,3,1,0,0
679,1,0,0,0
680,3,0.647058823529412,0,0
681,250,1,0,0
682,5,0,0,0
683,1,0.14413407821229,0,0
684,12,0.995753715498938,0,NA
685,67,0.0672268907563025,0,0
686,2,1,0,NA
687,16,1,0,0
688,1,0.480769230769231,0,NA
689,1,0,0,0
690,1,1,0,0
691,6,0.578947368421053,0,0
692,14,0.5,0,0
693,6,0.0136986301369863,0,0
694,83,1,0,0
695,5,1,0,NA
696,8,0,0,0
697,1,0.2,4,0
698,119,1,0,0
699,4,1,0,NA
700,57,0.113475177304965,0.0625,0
701,371,1,0,0
702,1,0.145833333333333,0,NA
703,4,1,0,NA
704,5,0.627450980392157,0,0
705,12,0.428571428571429,0.333333333333333,0
706,241,0,0,0
707,10,0.878296146044625,0,0
708,13,0,0,0
709,689,0,0,0
710,32,1,0,0
711,76,0,0,0
712,4,0.111111111111111,0,0
713,8,1,0,NA
714,108,0.0552763819095477,0,0
715,43,0.0288065843621399,0,0
716,26,0,0,0
717,33,0.25,0,0
718,73,0.0352112676056338,0,NA
719,94,0,0,0
720,5,1,0,0
721,13,1,0,0
722,1286,1,0,0
723,7,1,0,0
724,68,0.5,0,0
725,6,0,0,0
726,1,0.292134831460674,0.00654664484451719,0
727,17,1,0,0
728,50,1,0.0555555555555556,0
729,36,1,0,0
730,6,0.19047619047619,0,0
731,9,1,0,0
732,6,0.0136986301369863,0,0
733,1,0.242424242424242,0,0
734,2,0,0,0
735,218,0.363636363636364,0,0
736,26,0.0465116279069767,0,0
737,19,1,0,0
738,10,1,0,0
739,186,1,0,NA
740,105,1,0,0
741,41,0,0,0
742,5,0.143236074270557,0,0
743,1,0.072562358276644,0.03125,NA
744,142,1,0,0
745,3,0.4,0,NA
746,1,0.333333333333333,3,0
747,28,0.25,0,NA
748,3,0.0158730158730159,0,0
749,17,1,0,0
750,67,0,0,NA
751,2,1,0,0
752,5,1,0,0
753,1,0.325714285714286,0,NA
754,5,1,0,0
755,593,0,0,0
756,5,0,0,0
757,2,1,0,NA
758,128,1,0,0
759,2,1.66666666666667,0,0
760,6,0.790697674418605,0,0
761,57,1,0,0
762,2,1,0,0
763,1,0,0,0
764,9,1,0,0
765,6,0.0952380952380952,0,0
766,31,1,0,0
767,6,0.571428571428571,0,NA
768,10,0.0441176470588235,0,0
769,2,1,0,0
770,34,1,0,NA
771,112,0.107142857142857,0,0
772,40,1,0.2,0
773,14,0,0,0
774,1,1,0,0
775,152,1,0,NA
776,17,0.0169491525423729,0,0
777,148,0,0,0
778,45,1,0,0
779,72,0.765151515151515,0,NA
780,142,0,0,0
781,2,0,0,0
782,4,1,0,0
783,5,0.5,0,NA
784,26,0.4,0,0
785,75,0.0714285714285714,0,0
786,20,0.142857142857143,0,0
787,1,0,0,NA
788,55,0.0357142857142857,0,0
789,15,1,0,0
790,3,1,0,0
791,122,0.954545454545455,0,0
792,228,1,0,0
793,80,1,0,NA
794,57,1,0,0
795,234,0,0,0
796,7,0.333333333333333,0,0
797,8,1,0,0
798,25,0.131821403260099,0.00537634408602151,0
799,4,0,0,0
800,127,0,0,0
801,19,1,0,0
802,33,0.142857142857143,0,0
803,5,0.0416666666666667,0,0
804,12,1,0,0
805,371,1,0,0
806,252,0,0,0
807,76,1,0,0
808,113,0.0487804878048781,0,0
809,26,1,0,0
810,8,1,0,0
811,5,1,0,0
812,2,0.0952380952380952,0,0
813,3,0.102040816326531,0,NA
814,14,0.5,0,0
815,12,1,0,NA
816,8,0,0,0
817,40,0.0242424242424242,0,0
818,11,0,0,0
819,13,0.1,0,0
820,21,0.161290322580645,0,0
821,174,0.0833333333333333,0,0
822,25,1,0,0
823,11,1,0,0
824,1,0,0,0
825,7,1,0,0
826,19,1,0,0
827,24,0.785714285714286,0,0
828,57,0.8,0,0
829,1,0,0,0
830,3,1,0,0
831,1,0,0,0
832,5,0.166666666666667,0,0
833,2,0.264957264957265,0,0
834,26,0.0769230769230769,0,NA
835,38,1,0,0
836,21,0.875,0,0
837,1,1,0,0
838,41,0.0333333333333333,0,0
839,37,1,0,0
840,37,1,0,0
841,2,1,0,0
842,18,0.0526315789473684,0,0
843,31,1,0,0
844,22,0.8,0,NA
845,17,0.857142857142857,0,0
846,57,1,0,0
847,9,1,0,NA
848,10,1,0,0
849,25,1,0,0
850,33,0.466666666666667,0,NA
851,2,1,0,NA
852,1,0,0,NA
853,11,0,0,0
854,2022,1,0,0
855,10,0.333333333333333,0,NA
856,18,0.107142857142857,0,0
857,128,1,0,0
858,88,0.122171945701357,0,0
859,27,1,0,0
860,17,0.2,0,0
861,2,0.333333333333333,0,NA
862,2,1,0,0
863,43,0.0156521739130435,0,0
864,359,0.285714285714286,0,0
865,72,1,0,0
866,34,1,0,NA
867,58,1,0,0
868,3,0,0,0
869,45,0,0,0
870,112,0.107142857142857,0,NA
871,2,0.146596858638743,0,0
872,86,0.119289340101523,0,0
873,14,0,0,0
874,1,0.666666666666667,0,0
875,1,0,0,NA
876,33,0.142857142857143,0,0
877,4,0.0740740740740741,0,0
878,2,0.00980392156862745,0,0
879,111,0.0641711229946524,0,0
880,4,1,0,NA
881,120,1,0,NA
882,39,1,0,0
883,4,0.0689655172413793,0,NA
884,24,0.0298507462686567,0,0
885,8,0.0769230769230769,0,0
886,2,0.171597633136095,0,0
887,3,0.0465116279069767,0,0
888,38,0.111111111111111,0,0
889,1,0,0,NA
890,12,0.194444444444444,0,0
891,1,0.216216216216216,0,0
892,1,0.0178571428571429,0,0
893,24,0.785714285714286,0,0
894,57,1,0,0
895,5,0,0,0
896,16,1,0,0
897,58,1,0,0
898,1,1,0,0
899,378,0.125,0,0
900,53,1,0,0
901,4,1,0,NA
902,3,1,0,0
903,31,0,0,0
904,26,0.342857142857143,0,0
905,7,0.5,0,0
906,9,1,0,0
907,2,0.146596858638743,0,0
908,18,1,0,0
909,9,0.0294117647058824,0,0
910,446,0.166666666666667,0,0
911,1,0.0430622009569378,0,0
912,39,0.102941176470588,0,NA
913,20,0,0,0
914,37,1,0,0
915,5,0.28125,0,0
916,515,0.333333333333333,0,0
917,2,1,0,0
918,3,1,0,0
919,48,0.00609756097560976,0,0
920,71,0,0,NA
921,5,1,0,0
922,15,0.117647058823529,0,0
923,33,0.142857142857143,0,0
924,30,0.181818181818182,0,0
925,9,1,0,0
926,32,1,0,0
927,24,0.0307017543859649,0,NA
928,1,0.279569892473118,0,0
929,157,0.91304347826087,0,NA
930,28,0.5,0,0
931,1,1,0,0
932,209,0.434782608695652,0,NA
933,77,1,0,NA
934,2,1,0,0
935,25,1,0,0
936,1,1,0,0
937,11,1,0,0
938,1,0.2,0,0
939,6,0.25,0,0
940,3,1,0,1
941,1,1,0,0
942,1,1,0,0
943,2,1,0,NA
944,6,1,0,0
945,19,0.230769230769231,0,0
946,49,0.4,0,0
947,135,0.766666666666667,0,0
948,2,1,0,0
949,3,0.2,0,0
950,4,0.197183098591549,0,0
951,30,0,0,0
952,38,0.0714285714285714,0,NA
953,111,0.0641711229946524,0,0
954,208,0,0,NA
955,16,0.666666666666667,0,0
956,2,1,0,0
957,6,0,0,0
958,46,0.0666666666666667,0,0
959,10,0,0,NA
960,1,0,0,0
961,1,0,0,0
962,25,1,0,0
963,19,0.043956043956044,0,NA
964,2,0.0606060606060606,0,NA
965,1,0,0,NA
966,1,0,0,NA
967,3,1,0,0
968,2,1,0,0
969,1,0,0,0
970,76,1,0,0
971,1,0,0,0
972,80,0.3,0,0
973,1,1,0,NA
974,3,0,0,0
975,8,0,0,0
976,1,0.0889252591380251,0,0
977,11,0.008,0,0
978,1,1,0,NA
979,102,1,0,NA
980,71,1,0,1
981,12,1,0,1
982,6,0.0714285714285714,0,1
983,36,0.0540540540540541,0,1
984,1507,0.15,0,1
985,321,0.0862068965517241,0,1
986,9,0.153846153846154,0,1
987,259,1,0,1
988,25,0.0394736842105263,0,1
989,2,0,0,1
990,5,0,0,1
991,71,0,0,1
992,1,1,0,NA
993,36,0,0,1
994,8,0.0344827586206897,0,1
995,33,1,0,0
996,2,1,0,NA
997,1,1,0,0
998,1,1,0,0
999,9,0.375,0,0
1000,5,0.0655737704918033,0,0
1001,113,0.0487804878048781,0,0
1002,21,0.0422535211267606,0,0
1003,20,1,0,NA
1004,8,0.0731707317073171,0,0
1005,29,0.0202702702702703,0,0
1006,6,0.181818181818182,0,NA
1007,10,0.0327868852459016,1.5,0
1008,43,0.0495049504950495,0,0
1009,67,1,0,0
1010,4,1,0,0
1011,18,1,0,NA
1012,122,0,0,0
1013,14,0.4,0,0
1014,4,0.376068376068376,0,0
1015,4,0.421052631578947,0,0
1016,3,0,0,0
1017,2,0,0,0
1018,6,0,0,0
1019,4,0.333333333333333,0,NA
1020,42,0.0714285714285714,0,0
1021,5,0.343283582089552,0,0
1022,4,0.0555555555555556,0,0
1023,292,0,0,NA
1024,60,0,0,0
1025,1,0,0,0
1026,5,1,0,0
1027,3,0.228571428571429,0,0
1028,58,0,0,0
1029,1,0.0666666666666667,0,0
1030,51,1,0,NA
1031,13,1,0,0
1032,8,0,0,0
1033,5,0.181818181818182,0,0
1034,13,1,0,NA
1035,1,0.166666666666667,0,NA
1036,82,1,0,0
1037,5,0.218181818181818,0,0
1038,11,1,0,0
1039,3,0.012987012987013,0,0
1040,2,0.88,0.0227272727272727,0
1041,16,0.666666666666667,0,0
1042,87,0.0150753768844221,0.166666666666667,NA
1043,1,0.5,0,0
1044,172,1,0,0
1045,12,0,0,NA
1046,12,0.0579710144927536,0,0
1047,8,0.117647058823529,0,0
1048,2,1,0,0
1049,53,1,0,0
1050,11,1,0,0
1051,107,0.945945945945946,0,0
1052,7,0.3625,0,0
1053,4,0.486486486486487,0,0
1054,103,1,0,0
1055,4,0,0,NA
1056,53,0.0857142857142857,0,0
1057,60,0.111111111111111,0,0
1058,33,1,0,0
1059,6,1,0,NA
1060,24,1,0,0
1061,1,0.523809523809524,0,0
1062,8,0.333333333333333,0,0
1063,12,0.0462962962962963,0,NA
1064,61,0.454545454545455,0,0
1065,62,0.0638297872340425,0,0
1066,7,1,0,NA
1067,119,1,0,0
1068,35,1,0,0
1069,4,0,0,0
1070,515,0.333333333333333,0,0
1071,7,0.336842105263158,0,0
1072,222,0.163265306122449,0,0
1073,37,0,0,NA
1074,91,1,0,0
1075,68,0.0116279069767442,0,0
1076,18,0.0483870967741935,0,0
1077,10,0.2,0,0
1078,2,0,0,NA
1079,88,1,0,0
1080,1,0.242424242424242,0,0
1081,49,0,0,0
1082,38,0.0714285714285714,0,0
1083,82,1,0,NA
1084,2,0.0394736842105263,0,0
1085,35,0,0,0
1086,9,1,0,NA
1087,157,0.91304347826087,0,0
1088,35,0.03470715835141,0,0
1089,11,0.777777777777778,0,0
1090,32,1,0,0
1091,43,0.0289855072463768,0,0
1092,39,0.521739130434783,0,0
1093,1,0,0,NA
1094,60,0.857142857142857,0,0
1095,40,1,0.2,0
1096,1,0,0,0
1097,25,0.140350877192982,0,NA
1098,164,0.0826446280991736,0,NA
1099,336,0.2,0,0
1100,2,0,0,0
1101,9,0,0,1
1102,441,0.0941176470588235,0,0
1103,111,1,0,NA
1104,15,0.0966666666666667,0,0
1105,21,1,0,0
1106,40,1,0.2,0
1107,6,0,0,0
1108,69,0.12,0,0
1109,42,0.222222222222222,0,0
1110,135,0.766666666666667,0,0
1111,26,0.0465116279069767,0,0
1112,21,0.0526315789473684,0,0
1113,1,1,0,0
1114,1,0,0,0
1115,15,0.0966666666666667,0,0
1116,1,1,0,0
1117,2,0,0,NA
1118,20,0.142857142857143,0,NA
1119,1,0,0,0
1120,78,0.294117647058824,0,0
1121,12,0.0462962962962963,0,0
1122,82,0.0625,0,0
1123,2,1,0,0
1124,27,1,0,0
1125,19,0.0272108843537415,0,0
1126,71,0,0,0
1127,288,1,0,NA
1128,2,0.411764705882353,0,1
1129,39,0.416666666666667,0,0
1130,2,1,0,0
1131,1,0.0333333333333333,0,0
1132,42,0.0714285714285714,0,0
1133,139,0.727272727272727,0,NA
1134,293,1,0,0
1135,244,0.05,0,0
1136,3,0.102040816326531,0,0
1137,24,0,0,0
1138,3,1,0,0
1139,2,0.264957264957265,0,0
1140,77,1,0,0
1141,87,0.0150753768844221,0.166666666666667,0
1142,86,0.119289340101523,0,0
1143,21,0.00826446280991736,0,NA
1144,288,1,0,0
1145,4,1,0,0
1146,4,1,0,0
1147,1,0.480769230769231,0,0
1148,22,0,0,0
1149,28,1,0,0
1150,6,0,0,0
1151,162,1,0,NA
1152,10,0.166666666666667,0,NA
1153,1,0,0,0
1154,1,0,0,0
1155,5,1,0,0
1156,101,0.0618556701030928,0,0
1157,28,0.024390243902439,0,0
1158,8,0.3,0,0
1159,8,0.125,0,NA
1160,77,1,0,0
1161,1,0,0,0
1162,4,0.111111111111111,0,NA
1163,13,0.227272727272727,0,0
1164,4,0,0,0
1165,3,1,0,0
1166,55,1,0,0
1167,11,0,0,0
1168,19,1,0,0
1169,38,0.075,0,0
1170,58,0.181818181818182,1.3125,0
1171,115,0.133333333333333,0,NA
1172,28,0.1,0,0
1173,6,0.04,0,0
1174,80,0.625,0,0
1175,1,0.0166666666666667,0,0
1176,1,0.0588235294117647,0,0
1177,16,0.230769230769231,0,0
1178,38,0,0,NA
1179,32,0,0,0
1180,6,0,0,0
1181,37,0.0746268656716418,0,0
1182,3,1,0,0
1183,11,0,0,0
1184,3,1,0,NA
1185,6,1,0,0
1186,9,0.05,1,NA
1187,11,0.0454545454545455,0,0
1188,3,1,0,0
1189,252,0,0,0
1190,111,0.0641711229946524,0,0
1191,7,1,0,0
1192,4,1,0,0
1193,15,0.5,0,0
1194,8,1,0,0
1195,2,0,0,0
1196,22,1,0,0
1197,228,1,0,0
1198,10,0.333333333333333,0,0
1199,5,1,0,NA
1200,7,0.0588235294117647,0,NA
1201,328,0,0,0
1202,4,0.333333333333333,0,NA
1203,108,0.0552763819095477,0,0
1204,1,1,0,0
1205,62,0.5,0,0
1206,105,1,0,0
1207,6,0.115384615384615,0,0
1208,1,0,0,0
1209,293,1,0,0
1210,1,0.798076923076923,0,0
1211,2,1,0,0
1212,82,1,0,NA
1213,5,0,0,0
1214,7,1,0,0
1215,25,1,0,0
1216,2,1,0,0
1217,48,1,0.0357142857142857,NA
1218,29,0,0,0
1219,3,1,0,NA
1220,27,1,0,NA
1221,19,1,0,0
1222,1,0.0476190476190476,0,NA
1223,3,1,0,0
1224,3,0.4,0,0
1225,8,0.973684210526316,0,0
1226,4,1,0,NA
1227,6,0.179640718562874,0.0333333333333333,1
1228,1,0,0,0
1229,4,0.197183098591549,0,0
1230,18,0.0645161290322581,0.75,0
1231,49,0.4,0,0
1232,4,0.733333333333333,0,0
1233,24,0.846153846153846,0.0606060606060606,0
1234,41,1,0,0
1235,1,0,0,0
1236,4,0.888888888888889,0,NA
1237,282,0.154320987654321,0,0
1238,2,0.181818181818182,0,NA
1239,6,0,0,NA
1240,1,0.4,0,0
1241,22,0.0743801652892562,0,0
1242,20,1,0,0
1243,20,1.5,0,NA
1244,1,0.145833333333333,0,0
1245,24,0.5,0,0
1246,5,0.8,0,0
1247,15,0.5,0,0
1248,6,0.196969696969697,0,0
1249,2,0.333333333333333,0,0
1250,3,0.228571428571429,0,NA
1251,2,1,0,0
1252,106,1,0,0
1253,10,0.333333333333333,0,0
1254,17,1,0,0
1255,46,1,0,0
1256,2,1,0,0
1257,200,1,0,NA
1258,1,0,0,0
1259,77,1,0,0
1260,34,0.1,0,0
1261,18,0,0,NA
1262,2,1,0,0
1263,6,0.2,0,0
1264,35,0,0,0
1265,2,0.307692307692308,0,0
1266,1,1,0,0
1267,7,0,0,0
1268,3,0.0465116279069767,0,0
1269,18,0.242424242424242,0,0
1270,3,1,0,0
1271,1,0,0,0
1272,1,1,0,0
1273,7,0,0,0
1274,1,0.222222222222222,0,0
1275,4,1,0,NA
1276,351,2,0.5,0
1277,3,0.0769230769230769,0,0
1278,4,0,0,0
1279,10,1,0,0
1280,108,0.0552763819095477,0,0
1281,8,0,0,0
1282,5,0.217391304347826,0,0
1283,1,0.028735632183908,0,0
1284,19,0.0816326530612245,0,0
1285,2908,1,0,NA
1286,1,0,0,1
1287,3,0.0576923076923077,0,1
1288,2,0,0,1
1289,1,0,0,1
1290,53,0.0681818181818182,0,1
1291,43,0.161764705882353,0,1
1292,8,1,0,1
1293,2,0.878378378378378,0.00769230769230769,1
1294,40,0.0242424242424242,0,NA
1295,11,0,0,1
1296,5,0,0,1
1297,26,0.0769230769230769,0,1
1298,1411,0.218181818181818,0,NA
1299,148,1,0,1
1300,3,1.20689655172414,0,1
1301,9,0.348837209302326,0,1
1302,15,1,0,1
1303,162,1,0,1
1304,1,0,0,1
1305,25,1,0,1
1306,67,1,0,1
1307,48,1,0.0357142857142857,0
1308,12,0.428571428571429,0.333333333333333,0
1309,1,0.142857142857143,0,0
1310,1,0.138709677419355,0,0
1311,707,0.181818181818182,0,0
1312,26,1,0,NA
1313,1,0.37037037037037,0,0
1314,2,1,0,NA
1315,31,0.181818181818182,0,NA
1316,1,0.0518867924528302,0.0909090909090909,0
1317,9,1,0,0
1318,67,0.105263157894737,0,0
1319,43,0,0,0
1320,1,1,0,0
1321,19,0.05,0,0
1322,1,0,0,NA
1323,95,0.137931034482759,0,0
1324,25,1,0,0
1325,22,0,0,NA
1326,188,0.2,0,0
1327,6,1,0,0
1328,6,0.0614617940199336,0,0
1329,1,1,0,NA
1330,46,0.0666666666666667,0,0
1331,8,0.333333333333333,0,NA
1332,2,1,0,0
1333,1,0.108087091757387,0,NA
1334,2,1,0,NA
1335,1,0,0,NA
1336,9,0.111111111111111,0,0
1337,24,0.078125,0,0
1338,16,0.4,0,0
1339,240,0.236363636363636,0,0
1340,2,1,0,0
1341,2,1,0,NA
1342,4,0.142857142857143,0,0
1343,10,0,0,0
1344,8,0,0,0
1345,5,1,0,NA
1346,40,0,0,0
1347,27,1,0,0
1348,3,0.556962025316456,0,0
1349,1,1,0,0
1350,8,0.0114942528735632,0,0
1351,1,0,0,0
1352,59,0.166666666666667,0,0
1353,4,0.072289156626506,0,0
1354,8,0.19047619047619,0,0
1355,3,0.0609756097560976,0,0
1356,1,0.028735632183908,0,NA
1357,1,1,0,0
1358,3,1,0,0
1359,128,1,0,0
1360,1110,0,0,0
1361,16,0.209424083769634,0,0
1362,192,0.243243243243243,0,0
1363,37,0.141509433962264,0,NA
1364,1,0.25,0,0
1365,4,0.0211132437619962,0,NA
1366,2,0,0,1
1367,179,1,0,1
1368,218,1,0,1
1369,33,1,0,1
1370,21,0.0258620689655172,0,1
1371,18,1,0,1
1372,16,0,0,1
1373,5,1,0,1
1374,30,1,0,1
1375,38,0.075,0,NA
1376,641,0.134453781512605,0,1
1377,60,0.142857142857143,0,1
1378,1,0,0,1
1379,1,0.5,0,1
1380,25,1,0,1
1381,72,0,0,NA
1382,4,1,0,NA
1383,61,0.454545454545455,0,1
1384,2,1,0,1
1385,4,0,0,1
1386,1,0.105590062111801,0,1
1387,1,0.05,0,NA
1388,587,0.25,0,0
1389,31,0,0,0
1390,3,0,0,0
1391,80,0.3,0,0
1392,43,1,0,0
1393,45,0.0810810810810811,0,0
1394,10,0.0491803278688525,0,0
1395,6,1,0,0
1396,1,0.1,0,0
1397,12,0.5,0,NA
1398,16,0.0344827586206897,0,0
1399,6,1,0,0
1400,564,0,0,NA
1401,26,0.222222222222222,0,NA
1402,87,0.0150753768844221,0.166666666666667,NA
1403,45,0.117073170731707,0.0416666666666667,0
1404,1,1,0,0
1405,3,0.276315789473684,0,0
1406,17,0.0625,0,0
1407,14,0.671641791044776,0,NA
1408,7,1,0,0
1409,188,0.2,0,0
1410,1,1,0,0
1411,50,0.166666666666667,0,NA
1412,12,1,0,0
1413,839,0.428571428571429,0,0
1414,5,0.5,0,0
1415,37,0,0,0
1416,4,1,0,0
1417,57,0.571428571428571,0,0
1418,53,1,0,0
1419,26,0,0,NA
1420,2,0,0,0
1421,3,0.0126582278481013,0,NA
1422,4,1,0,0
1423,22,0.0303030303030303,0,0
1424,19,1,0,0
1425,179,1,0,NA
1426,108,0.0552763819095477,0,0
1427,7,0.333333333333333,0,0
1428,1,1,0,0
1429,10,0,0,0
1430,13,1,0,0
1431,86,0.307692307692308,0,0
1432,37,1,0,NA
1433,72,0.25,0,NA
1434,471,1,0,NA
1435,1,0.202797202797203,0.0344827586206897,0
1436,13,0.137010676156584,0,0
1437,8,0.333333333333333,0,0
1438,26,1,0,0
1439,67,1,0,0
1440,20,1,0,0
1441,5,0,0,0
1442,49,0,0,0
1443,76,0,0,0
1444,63,0.0454545454545455,0,0
1445,4,1,0,0
1446,2,0,0,0
1447,5,1,0,0
1448,6,1,0,0
1449,267,1,0,0
1450,82,0.0625,0,0
1451,2,0,0,0
1452,60,1,0,0
1453,1,0.129496402877698,0,0
1454,213,0.96969696969697,0,0
1455,3,0,0,0
1456,23,0.0754716981132075,0,0
1457,62,1,0,NA
1458,10,0,0,0
1459,2,0,0,0
1460,43,0.0289855072463768,0,NA
1461,101,1,0,0
1462,41,0.0967741935483871,0,NA
1463,63,0,0,NA
1464,81,1,0,NA
1465,21,0.409090909090909,0,0
1466,68,0.5,0,0
1467,13,1,0,NA
1468,1,0,0,0
1469,351,1,0,0
1470,1,0,0,0
1471,11,0.0149253731343284,0,0
1472,30,0,0,0
1473,41,1,0,NA
1474,244,0.25,0,0
1475,378,0.125,0,0
1476,12,0.5,0,NA
1477,7,0.0408163265306122,0,0
1478,7,0.0588235294117647,0,NA
1479,38,0.0344827586206897,0,0
1480,3,0,0,0
1481,10,0.0263157894736842,0,0
1482,1,0.456656346749226,0,0
1483,97,1,0,0
1484,29,1,0,NA
1485,194,1,0,0
1486,125,0,0,NA
1487,8,1,0,0
1488,302,0.138528138528139,0,0
1489,103,0,0,0
1490,13,1,0,0
1491,21,1,0,NA
1492,50,1,0.0555555555555556,0
1493,1,0.15625,0,0
1494,2,0.0952380952380952,0,NA
1495,660,1,0,0
1496,112,0.194444444444444,0,0
1497,11,0.0149253731343284,0,0
1498,17,0.0625,0,0
1499,1,0,0,0
1500,58,0,0,0
1501,57,0.571428571428571,0,0
1502,8,0.0344827586206897,0,NA
1503,26,0.222222222222222,0,0
1504,79,1,0,0
1505,170,1,0,0
1506,1,1,0,NA
1507,2,1,0,0
1508,13,0.0704225352112676,0,0
1509,5,0.8,0,NA
1510,28,1,0,0
1511,1,0.469135802469136,0,NA
1512,152,0.811320754716981,0,0
1513,1,0.072562358276644,0.03125,0
1514,1,0.0555555555555556,0,0
1515,55,0.125,0,0
1516,25,1,0,0
1517,3,1,0,0
1518,85,0,0,0
1519,250,1,0,NA
1520,10,1,0,0
1521,38,1,0,0
1522,8,1,0,0
1523,22,1,0,0
1524,87,0.0150753768844221,0.166666666666667,0
1525,24,0.5,0,0
1526,1,0.5,0,0
1527,1,0,0,0
1528,39,1,0,NA
1529,16,0.666666666666667,0,NA
1530,5,0,0,0
1531,29,0.0202702702702703,0,0
1532,8,0.0454545454545455,0,NA
1533,1,0,0,0
1534,63,0.181818181818182,0,NA
1535,110,0.04,0,NA
1536,19,0.148648648648649,0,0
1537,7,0.037037037037037,0,0
1538,6,1,0,0
1539,4,0,0,0
1540,3,0,0,NA
1541,12,0.916666666666667,0,0
1542,1,0.108087091757387,0,0
1543,2,1,0,0
1544,14,0.0150753768844221,0,0
1545,9,1.09090909090909,0.0416666666666667,0
1546,71,0,0,0
1547,88,1,0,0
1548,1,0.0363636363636364,0,0
1549,80,0.789473684210526,0,0
1550,1,0.0430622009569378,0,NA
1551,1,0,0,NA
1552,82,1,0,NA
1553,53,1,0,0
1554,4,1,0,NA
1555,86,0.307692307692308,0,NA
1556,4,1,0,0
1557,5,0,0,0
1558,23,0.0857699805068226,0,0
1559,23,0,0,NA
1560,2,1,0,0
1561,1,0,0,0
1562,6,1,0,0
1563,5,0.5,0,0
1564,8,1,0,0
1565,2,0,0,0
1566,38,0.0714285714285714,0,NA
1567,13,0,0,NA
1568,29,1,0,0
1569,19,0.107142857142857,0,0
1570,77,0,0,0
1571,13,1,0,NA
1572,7,1,0,0
1573,23,0.00606060606060606,0,0
1574,62,0.0638297872340425,0,0
1575,27,1,0,0
1576,5,0.210526315789474,0,0
1577,32,1,0,0
1578,8,0.0769230769230769,0,0
1579,5,0.0731707317073171,0,0
1580,1,0.119402985074627,0,0
1581,32,0.230547550432277,0,0
1582,686,0.191489361702128,0,0
1583,20,0.0952380952380952,0,0
1584,6,0,0,0
1585,1,1,0,NA
1586,5,0.037037037037037,0,0
1587,11,0,0,0
1588,25,1,0,0
1589,38,1,0,NA
1590,1,0.151515151515152,0,NA
1591,6,1,0,NA
1592,118,0,0,0
1593,4,0,0,0
1594,32,0.173913043478261,0,0
1595,11,1,0,0
1596,26,1,0,NA
1597,631,1,0,0
1598,1,1,0,0
1599,55,0.0357142857142857,0,0
1600,16,1,0,0
1601,18,1,0,0
1602,6,0.0943396226415094,0,NA
1603,8,0.25,0.115384615384615,0
1604,4,0.0175054704595186,0,0
1605,4,1,0,NA
1606,9,0.0666666666666667,0,0
1607,58,1,0,0
1608,87,0.833333333333333,0,NA
1609,17,0.5625,0,NA
1610,115,0.00199203187250996,0,0
1611,6,0.0441176470588235,0,NA
1612,23,1,0,0
1613,9,1,0,0
1614,2,1,0,NA
1615,2,0.285714285714286,0,0
1616,6,1,0,NA
1617,11,0.0149253731343284,0,0
1618,16,1,0,0
1619,1,0,0,0
1620,7,0.0354609929078014,0,0
1621,3,1,0,NA
1622,162,0,0,0
1623,2,1,0,NA
1624,77,0.756756756756757,0,0
1625,12,0,0,0
1626,61,0.454545454545455,0,0
1627,6,0,0,0
1628,22,1,0,NA
1629,70,0.0727272727272727,0,NA
1630,1,0.340425531914894,0,0
1631,15,1,0,0
1632,1,0.1,0,0
1633,1,1,0,0
1634,84,0.0294117647058824,0,NA
1635,1,0,0,0
1636,85,0.396396396396396,0,0
1637,5,0.782608695652174,0,0
1638,5,1,0,NA
1639,12,1,0,0
1640,74,1,0,0
1641,5,0.5,0,NA
1642,85,0,0,0
1643,4,1,0,0
1644,6,0.4,0,0
1645,16,0.792134831460674,0,0
1646,635,1,0,NA
1647,50,0.166666666666667,0,0
1648,21,0,0,NA
1649,3,0.0126582278481013,0,NA
1650,39,0.521739130434783,0,0
1651,1,1,0,0
1652,19,0.0666666666666667,0,0
1653,13,1,0,1
1654,11,0,0,0
1655,135,0.766666666666667,0,1
1656,4,0,0,0
1657,23,0,0,0
1658,111,1,0,0
1659,60,0.142857142857143,0,0
1660,1,0,0,0
1661,1,1,0,0
1662,1,0,0,0
1663,1,0,0,0
1664,1,0.133333333333333,0,0
1665,1,0.523809523809524,0,NA
1666,3,1,0,NA
1667,1,0,0,NA
1668,26,0.0769230769230769,0,0
1669,5,1,0,0
1670,6,0.272727272727273,0,NA
1671,6,0,0,0
1672,37,0.0178571428571429,0,NA
1673,2,1,0,NA
1674,9,1,0,0
1675,15,1,0,0
1676,14,1,0,NA
1677,7,0.333333333333333,0,1
1678,2,1,0,1
1679,282,0.0412371134020619,0,1
1680,2,0,0,1
1681,2031,0.3,0,1
1682,1,0.0518867924528302,0.0909090909090909,1
1683,7,0.3625,0,1
1684,1,0,0,1
1685,121,0,0,1
1686,13,0.578947368421053,0,NA
1687,7,0.0689655172413793,0,NA
1688,253,1,0,NA
1689,135,1,0,1
1690,68,1,0,1
1691,7,0.5,0,1
1692,3,1,0,1
1693,2,1,0,1
1694,5,0.0655737704918033,0,NA
1695,1,0.0909090909090909,0,0
1696,3,1,0,NA
1697,18,1,0,0
1698,7,0.252072968490879,0,0
1699,58,1,0,0
1700,83,1,0,0
1701,9,1,0,0
1702,3,1,0,0
1703,1,1,0,0
1704,19,1,0,0
1705,5,0.0731707317073171,0,0
1706,8,1,0,0
1707,2,0.0952380952380952,0,0
1708,242,0.314285714285714,0,0
1709,29,1,0,0
1710,7,1,0,0
1711,3,0.0126582278481013,0,0
1712,9,0,0,NA
1713,3,1,0,NA
1714,641,0.134453781512605,0,NA
1715,1,1,0,0
1716,5,0.0655737704918033,0,0
1717,1,0.07,0,0
1718,12,0,0,NA
1719,1,0.206896551724138,0,0
1720,7,0.0588235294117647,0,0
1721,1,1,0,0
1722,27,0.956521739130435,0.0272727272727273,NA
1723,11,0,0,NA
1724,1,1,0,0
1725,7,0.2,0,0
1726,4,0.0465116279069767,0,0
1727,3,1,0,0
1728,115,1,0,NA
1729,121,0.119565217391304,0,0
1730,2,0.365384615384615,0,0
1731,1,1,0,NA
1732,28,0.0740740740740741,0,NA
1733,575,0,0,0
1734,5,0.5,0,0
1735,228,1,0,0
1736,1,1,0,0
1737,4,0,0,NA
1738,16,1,0,0
1739,75,0.0714285714285714,0,NA
1740,1,0,0,0
1741,121,1,0,0
1742,36,0.5,0,0
1743,14,1,0,0
1744,4,1,0,0
1745,55,0,0,0
1746,5,1,0,0
1747,62,0.5,0,0
1748,1,0,0,0
1749,21,1,0,NA
1750,9,0.0714285714285714,2,0
1751,7,0.336842105263158,0,0
1752,8,0,0,0
1753,4,0.333333333333333,0,0
1754,15,0.0277777777777778,0,0
1755,3,1,0,0
1756,10,1,0,0
1757,23,0.00465116279069767,1,0
1758,11,0,0,0
1759,1,0,0,0
1760,1,1,0,0
1761,71,0,0,0
1762,38,0.0714285714285714,0,0
1763,1,0.105263157894737,0,0
1764,15,0.0839160839160839,0,0
1765,2,0.0571428571428571,0,0
1766,18,1,0,0
1767,135,1,0,NA
1768,10,1,0,0
1769,3,1,0,0
1770,29,0,0,0
1771,28,0.75,0,0
1772,1,0,0,0
1773,678,1,0,NA
1774,2,1,0,0
1775,89,0.857142857142857,0,0
1776,6,0,0,0
1777,2,0,0,0
1778,1,1,0,0
1779,16,0.0204081632653061,0,0
1780,2,0.0540540540540541,0,0
1781,16,0.4,0,0
1782,19,1,0,NA
1783,5,0.133333333333333,0,0
1784,25,0.131821403260099,0.00537634408602151,0
1785,12,0.0757575757575758,0,0
1786,40,0.989583333333333,0,NA
1787,6,0,0,0
1788,4,0.123595505617978,0,NA
1789,6,0,0,0
1790,45,0.0810810810810811,0,NA
1791,58,0,0,1
1792,44,0.18,0,1
1793,30,0,0,NA
1794,7,0,0,1
1795,895,0.0758620689655172,0,1
1796,387,0.125,0,NA
1797,1,0.25,0,1
1798,18,0,0,1
1799,11,0.0483870967741935,0,1
1800,1,0.28,0,1
1801,100,1,0,NA
1802,19,1,0,1
1803,512,1,0,1
1804,37,0,0,NA
1805,2,1,0,1
1806,2,1,0,0
1807,5,0.143236074270557,0,0
1808,3,0,0,0
1809,59,0.166666666666667,0,NA
1810,25,1,0,0
1811,42,0.0714285714285714,0,0
1812,3,0,0,0
1813,13,0.1,0,0
1814,14,0.166666666666667,0,0
1815,15,1,0,0
1816,17,1,0,0
1817,232,0.258823529411765,0,0
1818,75,0.0714285714285714,0,0
1819,25,0.888888888888889,0,0
1820,19,0.0816326530612245,0,0
1821,47,0,0,NA
1822,59,0,0,0
1823,7,0.252072968490879,0,0
1824,2,1,0,0
1825,26,0.4,0,0
1826,290,0.571428571428571,0,NA
1827,12,1,0,0
1828,2,1,0,0
1829,2,1,0,NA
1830,3,0.0609756097560976,0,0
1831,11,1,0,0
1832,79,0,0,0
1833,5,1,0,NA
1834,2,0.233613445378151,0.00359712230215827,0
1835,2,0.27906976744186,0,0
1836,1,1,0,0
1837,11,0.0483870967741935,0,0
1838,1,1,0,0
1839,813,0.0909090909090909,0,NA
1840,76,0.333333333333333,0,0
1841,106,0.2,0,0
1842,108,1,0.25,NA
1843,2,1,0,0
1844,9,0.153846153846154,0,0
1845,46,1,0,0
1846,3,0.0104166666666667,0,0
1847,8,0.236574746008708,0,0
1848,6,0.272727272727273,0,0
1849,112,0.107142857142857,0,0
1850,31,1,0,0
1851,1,0.166666666666667,0,0
1852,2,1,0,0
1853,185,0.909090909090909,0,0
1854,14,1,0,NA
1855,165,0.1,0,0
1856,72,1,0,0
1857,1,0.0925925925925926,0,0
1858,162,1,0,0
1859,119,1,0,0
1860,24,1,0,NA
1861,351,2,0.5,0
1862,14,0.4,0,0
1863,11,0,0,0
1864,13,0,0,0
1865,15,0,0,0
1866,9,0.375,0,0
1867,9,1,0,0
1868,8,1,0,0
1869,13,0.0865384615384615,0,0
1870,106,0.2,0,0
1871,32,0.230547550432277,0,0
1872,15,1,0,0
1873,1,1,0,0
1874,15,1,0,0
1875,4,1,0,0
1876,57,1,0,0
1877,213,0.96969696969697,0,0
1878,80,1,0,0
1879,6,0,0,NA
1880,169,1,0,0
1881,25,0.888888888888889,0,0
1882,113,0.0487804878048781,0,0
1883,37,0.333333333333333,0,0
1884,1,0.523809523809524,0,0
1885,21,0,0,NA
1886,267,0,0,0
1887,13,1,0,0
1888,1,0.0330578512396694,0,NA
1889,5,1,0,NA
1890,72,1,0,0
1891,5,0,0,0
1892,80,1,0,NA
1893,2,0.833333333333333,0,0
1894,25,1,0,NA
1895,813,0.0909090909090909,0,0
1896,1,1,0,NA
1897,49,0,0,0
1898,1,0,0,0
1899,44,1,0,0
1900,43,0.0288065843621399,0,0
1901,50,1,0,0
1902,1,1,0.2,0
1903,13,0.238095238095238,0,0
1904,4,0.0297619047619048,0,NA
1905,11,0.0483870967741935,0,NA
1906,205,1,0,0
1907,6,0.115384615384615,0,0
1908,18,0,0,0
1909,1,1,0,0
1910,3,0.228571428571429,0,0
1911,20,0.0952380952380952,0,0
1912,40,0,0,0
1913,72,1,0,0
1914,2,0,0,0
1915,1,1,0,NA
1916,1,1,0,NA
1917,48,1,0,0
1918,1,0.857142857142857,0,0
1919,6,0.0714285714285714,0,NA
1920,4,0,0,0
1921,29,0.0202702702702703,0,NA
1922,10,1,0,0
1923,16,1,0,0
1924,74,1,0,0
1925,8,0.0454545454545455,0,0
1926,212,0.173228346456693,0,0
1927,9,0,0,NA
1928,1,0,0,0
1929,112,0.194444444444444,0,NA
1930,21,1,0,0
1931,24,0.078125,0,NA
1932,8,0,0,0
1933,27,1,0,0
1934,2,0,0,NA
1935,2,1,0,NA
1936,4,1,0,NA
1937,15,1,0,0
1938,63,0.181818181818182,0,0
1939,16,0,0,0
1940,57,0.113475177304965,0.0625,0
1941,121,1,0,0
1942,2,0.181818181818182,0,0
1943,23,0.00606060606060606,0,0
1944,6,0.0614617940199336,0,NA
1945,10,0.0280373831775701,0,0
1946,152,1,0,0
1947,13,1,0,0
1948,1,1,0,0
1949,79,0,0,0
1950,6,0.0952380952380952,0,0
1951,11,0,0,0
1952,1,0,0,0
1953,26,0.4,0,0
1954,1,0,0,0
1955,27,1,0.111111111111111,0
1956,13,1,0,NA
1957,79,0,0,NA
1958,1,1,0,0
1959,1,0.111111111111111,0,0
1960,10,0,0,0
1961,12,0.0517241379310345,0,NA
1962,37,1,0,0
1963,57,1,0,0
1964,1,2,0,0
1965,11,0.008,0,0
1966,17,0.857142857142857,0,0
1967,6,1,0,NA
1968,9,0.104651162790698,0,0
1969,129,0.4,0,0
1970,19,0.284313725490196,0.0689655172413793,0
1971,564,0,0,0
1972,12,0,0,0
1973,4,1,0,NA
1974,142,0,0,0
1975,14,0.5,0,0
1976,10,0,0,0
1977,13,0.0704225352112676,0,0
1978,121,1,0,0
1979,7,0.333333333333333,0,0
1980,70,0,0,NA
1981,26,1,0,0
1982,1,1,0,0
1983,292,0,0,NA
1984,14,0.0150753768844221,0,0
1985,16,0,0,NA
1986,5,1,0,NA
1987,44,0.625,0,0
1988,8,1,0,0
1989,92,0,0,NA
1990,2,1,0,NA
1991,1,1,0,0
1992,1,0.138709677419355,0,0
1993,12,1,0,0
1994,23,0.1,0,0
1995,5,0,0,NA
1996,8,0,0,0
1997,45,0.100917431192661,0,0
1998,4,0.2,0,0
1999,1,1,0,0
2000,19,0.0428571428571429,0.166666666666667,0
2001,5,0.166666666666667,0,0
2002,15,1,0,0
2003,1,0.0181818181818182,0,NA
2004,6,1,0,0
2005,8,1,0,NA
2006,8,0.0454545454545455,0,0
2007,9,1,0,NA
2008,2,0.0540540540540541,0,0
2009,2,1,0,0
2010,1,1,0,0
2011,83,1,0,0
2012,21,0,0,0
2013,9,1,0,0
2014,1,0.7,0,0
2015,3,0.08,0,0
2016,17,1,0,0
2017,30,0,0,NA
2018,8,1,0,0
2019,22,0.0743801652892562,0,0
2020,14,0.671641791044776,0,0
2021,62,0.5,0,0
2022,371,1,0,0
2023,3,1,0,NA
2024,5,0.5,0,0
2025,9,0.0396039603960396,0,0
2026,29,1,0,0
2027,19,1,0,0
2028,103,0,0,NA
2029,1,0,0,0
2030,58,0.227272727272727,0,0
2031,71,1,0,0
2032,41,1,0,0
2033,126,1,0,0
2034,10,0.878296146044625,0,NA
2035,3,1,0,NA
2036,45,0.117073170731707,0.0416666666666667,0
2037,13,0.5,0,0
2038,28,0.25,0,NA
2039,8,0.333333333333333,0,0
2040,9,0,0,0
2041,244,0,0,0
2042,15,0.5,0,0
2043,4,1,0,NA
2044,1,0.0363636363636364,0,0
2045,6,0,0,0
2046,1,0.857142857142857,0,0
2047,34,0.0526315789473684,0,0
2048,11,1,0,0
2049,8,0.125,0,0
2050,6,1,0,0
2051,1,0.027027027027027,0,0
2052,3,1,0,0
2053,2,1,0,NA
2054,6,1,0,0
2055,1,0.0363636363636364,0,0
2056,64,1,0,0
2057,515,0.333333333333333,0,0
2058,7,0.1280353200883,0.0172413793103448,0
2059,2,1,0,0
2060,35,0.03470715835141,0,NA
2061,21,0.0526315789473684,0,0
2062,1,1,0,0
2063,15,0.622119815668203,0,0
2064,7,1,0,0
2065,70,1,0,0
2066,244,0,0,0
2067,91,1,0,0
2068,37,1,0,0
2069,1,0.142857142857143,0,0
2070,6,1,0,0
2071,16,1,0,0
2072,9,0.19047619047619,0,NA
2073,69,0,0,0
2074,12,0.194444444444444,0,0
2075,1,0,0,0
2076,5,1,0,0
2077,512,1,0,0
2078,2,0,0,0
2079,10,0.0441176470588235,0,0
2080,2,0,0,0
2081,30,0.203571428571429,0,NA
2082,41,0.0967741935483871,0,0
2083,20,1,0,0
2084,1,1,0,0
2085,267,1,0,0
2086,5,0,0,NA
2087,67,1,0,0
2088,4,0.0175054704595186,0,0
2089,359,0.285714285714286,0,0
2090,188,0.2,0,0
2091,37,1,0,0
2092,135,0.766666666666667,0,0
2093,5,0.218181818181818,0,NA
2094,43,1,0,0
2095,2,1,0,0
2096,382,1,0,0
2097,32,0.5,0,0
2098,29,1,0,0
2099,302,0.138528138528139,0,0
2100,2,1,0,0
2101,4,0.625,0,0
2102,1,1,0,0
2103,18,0,0,0
2104,593,0,0,0
2105,10,0,0,0
2106,17,1,0,0
2107,20,1,0,0
2108,24,0.785714285714286,0,0
2109,3,1,0,0
2110,18,0.0483870967741935,0,0
2111,1,0,0,NA
2112,65,0.0909090909090909,0,0
2113,19,0.148648648648649,0,NA
2114,119,1,0,0
2115,52,0.666666666666667,0,0
2116,7,0.333333333333333,0,1
2117,65,1,0,NA
2118,79,0.647058823529412,0,1
2119,6,0.5,0,1
2120,4,1,0,1
2121,40,0,0,1
2122,37,0.0178571428571429,0,1
2123,30,3.03571428571429,0,1
2124,73,1,0,1
2125,101,1,0,1
2126,3,1,0,1
2127,185,0.909090909090909,0,1
2128,164,0.0826446280991736,0,1
2129,3,1,0,1
2130,178,1,0,1
2131,1,0.5,0,1
2132,9,0,0,NA
2133,16,0.0204081632653061,0,1
2134,12,0.277777777777778,0,0
2135,686,0.191489361702128,0,0
2136,5,0.037037037037037,0,0
2137,302,0.138528138528139,0,0
2138,7,1,0,0
2139,28,0.25,0,0
2140,17,0.0625,0,0
2141,12,0.0517241379310345,0,0
2142,89,0.333333333333333,0,0
2143,90,1,0,NA
2144,259,1,0,0
2145,32,0.230547550432277,0,0
2146,10,0.143790849673203,0,0
2147,5,1,0,0
2148,17,0.125,0,0
2149,2,0,0,0
2150,25,0.08,0,0
2151,38,0.0490196078431373,0,NA
2152,11,1,0,NA
2153,1,1,0,0
2154,14,1,0,NA
2155,6,0.196969696969697,0,NA
2156,103,1,0,NA
2157,6,1,0,0
2158,12,0.0579710144927536,0,0
2159,359,0.285714285714286,0,0
2160,7,0.037037037037037,0,NA
2161,2908,1,0,0
2162,3,0.324324324324324,0,0
2163,94,0,0,NA
2164,1,0,0,NA
2165,58,0,0,0
2166,189,1,0,NA
2167,21,0.0933333333333333,0,NA
2168,1,0,0,0
2169,19,0.0272108843537415,0,0
2170,620,0,0,0
2171,6,0,0,0
2172,3,0.222222222222222,0,0
2173,1,1,0,0
2174,2,0,0,0
2175,25,0.140350877192982,0,NA
2176,3,1,0,NA
2177,1,0,0,0
2178,10,1,0,0
2179,3,0.0465116279069767,0,0
2180,36,0.0540540540540541,0,0
2181,9,1,0,0
2182,86,0.0224719101123595,0,NA
2183,13,0.04,0,0
2184,1,0,0,0
2185,2,0.1,0,0
2186,2,1,0,0
2187,4,0.333333333333333,0,0
2188,2,0.197183098591549,0,0
2189,61,0.05,0,0
2190,3,0.0104166666666667,0,0
2191,3,0.0158730158730159,0,0
2192,2,1,0,0
2193,6,0.571428571428571,0,0
2194,8,0,0,0
2195,53,1,0,0
2196,75,0.818181818181818,0,NA
2197,4,1,0,0
2198,53,1,0,0
2199,2,1,0,0
2200,575,0,0,0
2201,3,0.647058823529412,0,0
2202,4,0.1,0,0
2203,8,0.428571428571429,0,NA
2204,21,1,0,0
2205,1,0.108087091757387,0,0
2206,28,0.476190476190476,0,NA
2207,1,1,0,NA
2208,5,1,0,0
2209,5,0.5,0,0
2210,5,0,0,0
2211,106,0.2,0,0
2212,2,0.1,0,0
2213,1,0,0,0
2214,139,1,0,0
2215,38,1,0,0
2216,3,1,0,0
2217,5,0,0,0
2218,71,1,0,0
2219,7,0.111111111111111,0,0
2220,593,0,0,0
2221,208,0,0,0
2222,3,1,0,0
2223,31,0,0,0
2224,1,2,0,0
2225,8,0.973684210526316,0,NA
2226,78,0.294117647058824,0,0
2227,660,1,0,0
2228,3,1,0,NA
2229,4,0,0,NA
2230,61,0.111111111111111,0,0
2231,5,0.0512820512820513,0,0
2232,39,0.102941176470588,0,NA
2233,219,1,0,0
2234,178,1,0,NA
2235,32,0.0347222222222222,0,0
2236,47,0,0,0
2237,21,0.875,0,0
2238,914,1,0,0
2239,12,0.194444444444444,0,0
2240,8,0.333333333333333,0,0
2241,14,0.5,0,0
2242,11,0,0,NA
2243,33,0.25,0,NA
2244,1,0.0882352941176471,0,0
2245,57,1,0,0
2246,14,1,0,0
2247,8,1.375,0,NA
2248,12,1,0,0
2249,35,0.130434782608696,0,0
2250,22,1,0,0
2251,55,0,0,0
2252,11,0,0,NA
2253,11,1,0,0
2254,19,0.107142857142857,0,0
2255,11,0,0,NA
2256,267,0,0,0
2257,14,0.25,0,NA
2258,448,1,0,0
2259,64,1,0,0
2260,3,0.012987012987013,0,NA
2261,15,0.0593220338983051,0,0
2262,68,1,0,0
2263,108,0,0,0
2264,2,0.333333333333333,0,0
2265,8,1,0,0
2266,54,0.024390243902439,0,0
2267,8,0,0,0
2268,172,1,0,NA
2269,4,1,0,0
2270,49,0.4,0,0
2271,22,1,0,0
2272,9,1,0,0
2273,5,0,0,0
2274,2,0,0,NA
2275,84,0.0294117647058824,0,0
2276,66,1,0,0
2277,128,1,0,NA
2278,20,1.5,0,0
2279,21,1,0,0
2280,4,1,0,NA
2281,4,1,0,0
2282,2,1,0,0
2283,7,0.0987124463519313,0.0434782608695652,0
2284,1,0.666666666666667,0,0
2285,35,0,0,0
2286,2,1.23255813953488,0,0
2287,1,0,0,0
2288,9,0,0,0
2289,2,1,0,0
2290,13,0.251798561151079,0,0
2291,9,0.0294117647058824,0,0
2292,85,0.396396396396396,0,0
2293,2,0.171597633136095,0,0
2294,177,1,0,0
2295,82,1,0,0
2296,394,0.761904761904762,0,0
2297,11,0.777777777777778,0,NA
2298,22,0.8,0,NA
2299,20,0,0,0
2300,108,0,0,0
2301,18,1,0,0
2302,6,0,0,0
2303,18,1,0,NA
2304,4,0,0,NA
2305,2031,0.3,0,0
2306,48,1,0.0357142857142857,0
2307,37,1,0,0
2308,14,0.5,0,0
2309,1110,0,0,NA
2310,635,1,0,0
2311,70,1,0,0
2312,9,0.0714285714285714,2,0
2313,8,0,0,0
2314,2,0,0,0
2315,2,1,0,0
2316,53,1,0,0
2317,119,1,0,0
2318,29,1,0,0
2319,71,0,0,0
2320,85,0.916666666666667,0,0
2321,1,0.222222222222222,0,0
2322,8,0.0158940397350993,0,NA
2323,9,1,0,0
2324,24,1,0,0
2325,1,1,0,NA
2326,678,1,0,0
2327,217,0.0625,0,NA
2328,28,0.5,0,0
2329,6,0.571428571428571,0,0
2330,23,0.25,0,0
2331,6,0,0,0
2332,16,1,0,0
2333,280,1,0,0
2334,5,0.8,0,0
2335,5,0.143236074270557,0,NA
2336,1,0.138709677419355,0,0
2337,1,1,0,0
2338,3,0.2,0,NA
2339,4,1,0,0
2340,4,0,0,NA
2341,4,1,0,0
2342,1,1,0,0
2343,1,1,0,0
2344,4,0,0,0
2345,113,0.0487804878048781,0,0
2346,46,1,0,0
2347,1,0,0,0
2348,1,0.0555555555555556,0,0
2349,1,0.0597014925373134,0,0
2350,359,0.285714285714286,0,0
2351,77,0,0,0
2352,707,0.181818181818182,0,0
2353,259,1,0,0
2354,4,1,0,0
2355,4,0.878378378378378,0,0
2356,85,0.916666666666667,0,0
2357,60,0.25,0,0
2358,6,1,0,0
2359,5,0,0,NA
2360,4,0.197183098591549,0,NA
2361,8,1,0,0
2362,1,0,0,0
2363,21,0.0154639175257732,0,0
2364,3,0.0158730158730159,0,0
2365,67,1,0,0
2366,7,0.125,0,0
2367,16,0.792134831460674,0,0
2368,232,0.258823529411765,0,NA
2369,19,0.05,0,0
2370,91,0,0,0
2371,33,0.142857142857143,0,0
2372,1,1,0,0
2373,60,0.111111111111111,0,0
2374,1,0.166666666666667,0,0
2375,8,0.0454545454545455,0,0
2376,35,0.130434782608696,0,0
2377,601,0.571428571428571,0,0
2378,80,0.625,0,0
2379,4,0.0392156862745098,0,NA
2380,4,1,0,0
2381,9,0.0714285714285714,2,0
2382,35,0,0,0
2383,43,0.0289855072463768,0,NA
2384,1,0.0333333333333333,0,0
2385,218,1,0,0
2386,28,0.0740740740740741,0,NA
2387,9,1,0,0
2388,1,1,0,0
2389,1,0.5,0,0
2390,18,0.0526315789473684,0,0
2391,47,0,0,0
2392,3,0.0104166666666667,0,0
2393,2,1,0,NA
2394,2,1,0,0
2395,61,1,0,0
2396,8,0.0769230769230769,0,0
2397,13,0.0865384615384615,0,0
2398,24,0,0,0
2399,194,1,0,NA
2400,4,0,0,0
2401,214,0.568965517241379,0.151515151515152,0
2402,3,1,0,0
2403,13,0,0,0
2404,8,1,0,0
2405,13,1,0,0
2406,8,0.125,0,0
2407,82,1,0,NA
2408,37,0.166666666666667,0,NA
2409,211,0.0625,0,0
2410,26,1,0,0
2411,8,0.19047619047619,0,0
2412,1,0.216216216216216,0,0
2413,177,1,0,0
2414,9,0.7,0,0
2415,5,1,0,0
2416,127,0,0,0
2417,4,0,0,0
2418,1,0,0,0
2419,8,1,0,0
2420,1507,0.15,0,0
2421,3,0.276315789473684,0,0
2422,184,0.0277777777777778,0,0
2423,5,1,0,0
2424,5,0.148936170212766,0,0
2425,108,0.0625,0,NA
2426,5,1,0,0
2427,1,0.469135802469136,0,0
2428,3,1,0,0
2429,15,0.0966666666666667,0,0
2430,31,0.142857142857143,0,0
2431,83,1,0,0
2432,6,0,0,NA
2433,60,0.111111111111111,0,0
2434,1,1,0,0
2435,28,0.476190476190476,0,0
2436,35,0,0,0
2437,1,0.4,0,NA
2438,1,0.0518867924528302,0.0909090909090909,NA
2439,21,0.833333333333333,0,0
2440,4,0,0,0
2441,641,0.134453781512605,0,0
2442,57,1,0,0
2443,37,1,0,0
2444,89,0.04,0,0
2445,4,0.024,0,NA
2446,9,1,0,0
2447,10,0,0,NA
2448,105,1,0,0
2449,92,0,0,0
2450,8,0,0,0
2451,2,0.0606060606060606,0,NA
2452,88,0.566666666666667,0,0
2453,1,0.279569892473118,0,0
2454,4,0.0465116279069767,0,0
2455,1,1,0,0
2456,3,1,0,0
2457,35,0.03470715835141,0,0
2458,59,0,0,0
2459,5,1,0,NA
2460,660,1,0,0
2461,1,0,0,0
2462,1,0.05,0,0
2463,1,0.7,0,0
2464,148,0,0,0
2465,10,0,0,0
2466,25,0.08,0,0
2467,73,0.0352112676056338,0,0
2468,241,0,0,0
2469,7,1,0,0
2470,21,0.0422535211267606,0,0
2471,6,0,0,0
2472,3,0,0,NA
2473,813,0.0909090909090909,0,0
2474,22,1,0,0
2475,51,0.444444444444444,0,NA
2476,40,0,0,NA
2477,82,1,0,0
2478,42,0.0714285714285714,0,0
2479,4,1,0,NA
2480,12,0.428571428571429,0.333333333333333,0
2481,240,0.236363636363636,0,0
2482,32,1,0,0
2483,47,1,0,0
2484,2,0,0,NA
2485,5,1,0,0
2486,31,1,0,NA
2487,49,0.037037037037037,0,0
2488,10,0,0,0
2489,63,0.181818181818182,0,0
2490,118,0,0,0
2491,4,1,0,0
2492,20,1,0,0
2493,29,1,0,NA
2494,17,0.125,0,0
2495,1,0.5,0,NA
2496,631,1,0,0
2497,106,1,0,0
2498,8,1,0,0
2499,3,0.0465116279069767,0,0
2500,9,0.0396039603960396,0,0
2501,3,0.0126582278481013,0,0
2502,22,1,0,0
2503,4,0.421052631578947,0,0
2504,1,0.121621621621622,0,0
2505,2,0.171597633136095,0,0
2506,16,1,0,0
2507,3,0.556962025316456,0,0
2508,8,0.0344827586206897,0,0
2509,1,0.0909090909090909,0,NA
2510,1,1,0,0
2511,13,0.251798561151079,0,0
2512,4,1,0,0
2513,2,0.0606060606060606,0,0
2514,15,0.5,0,0
2515,336,0.2,0,0
2516,5,1,0,0
2517,5,0.5,0,0
2518,8,0,0,0
2519,122,0,0,NA
2520,20,0.142857142857143,0,0
2521,87,0.304761904761905,0,NA
2522,7,0.2,0,0
2523,29,1,0,0
2524,15,0.5,0,0
2525,502,1,0,0
2526,753,0.166666666666667,0,0
2527,252,0,0,NA
2528,1,0.242424242424242,0,NA
2529,67,1,0,0
2530,15,1,0,0
2531,2,1.66666666666667,0,0
2532,6,1,0,NA
2533,6,0.0136986301369863,0,0
2534,33,1,0,NA
2535,11,0,0,0
2536,60,0.857142857142857,0,0
2537,10,0.0377358490566038,0,NA
2538,14,0.25,0,0
2539,12,1,0,0
2540,13,0.142857142857143,0,0
2541,65,1,0,0
2542,321,0.0862068965517241,0,0
2543,351,1,0,0
2544,33,0.25,0,0
2545,24,0.928571428571429,0,0
2546,122,0.954545454545455,0,0
2547,163,0,0,0
2548,4,0.0847457627118644,0,0
2549,19,0.0816326530612245,0,0
2550,60,0,0,NA
2551,67,0.105263157894737,0,0
2552,4,1,0,0
2553,1,0.129496402877698,0,0
2554,28,0.75,0,0
2555,16,0.230769230769231,0,0
2556,1,0.105590062111801,0,0
2557,6,0.272727272727273,0,0
2558,1,0,0,0
2559,313,1,0,NA
2560,1,1,0,0
